isolate,species,media,radius,replicate
ICMP 16915,P. castaneae,V8A,26,1
ICMP 16915,P. castaneae,V8A,28,1
ICMP 16915,P. castaneae,V8A,25,1
ICMP 16915,P. castaneae,V8A,25,1
ICMP 16915,P. castaneae,V8A,24,2
ICMP 16915,P. castaneae,V8A,24,2
ICMP 16915,P. castaneae,V8A,26,2
ICMP 16915,P. castaneae,V8A,25,2
ICMP 16915,P. castaneae,V8A,25,3
ICMP 16915,P. castaneae,V8A,26,3
ICMP 16915,P. castaneae,V8A,25,3
ICMP 16915,P. castaneae,V8A,25,3
ICMP 16915,P. castaneae,V8A,25,4
ICMP 16915,P. castaneae,V8A,27,4
ICMP 16915,P. castaneae,V8A,22,4
ICMP 16915,P. castaneae,V8A,24,4
ICMP 16915,P. castaneae,V8A,28,5
ICMP 16915,P. castaneae,V8A,27,5
ICMP 16915,P. castaneae,V8A,25,5
ICMP 16915,P. castaneae,V8A,23,5
ICMP 16915,P. castaneae,MEA,15,1
ICMP 16915,P. castaneae,MEA,13,1
ICMP 16915,P. castaneae,MEA,15,1
ICMP 16915,P. castaneae,MEA,15,1
ICMP 16915,P. castaneae,MEA,14,2
ICMP 16915,P. castaneae,MEA,13,2
ICMP 16915,P. castaneae,MEA,13,2
ICMP 16915,P. castaneae,MEA,13,2
ICMP 16915,P. castaneae,MEA,14,3
ICMP 16915,P. castaneae,MEA,14,3
ICMP 16915,P. castaneae,MEA,13,3
ICMP 16915,P. castaneae,MEA,14,3
ICMP 16915,P. castaneae,MEA,14,4
ICMP 16915,P. castaneae,MEA,14,4
ICMP 16915,P. castaneae,MEA,15,4
ICMP 16915,P. castaneae,MEA,15,4
ICMP 16915,P. castaneae,MEA,15,5
ICMP 16915,P. castaneae,MEA,14,5
ICMP 16915,P. castaneae,MEA,15,5
ICMP 16915,P. castaneae,MEA,13,5
ICMP 16915,P. castaneae,CMA,25,1
ICMP 16915,P. castaneae,CMA,18,1
ICMP 16915,P. castaneae,CMA,22,1
ICMP 16915,P. castaneae,CMA,20,1
ICMP 16915,P. castaneae,CMA,20,2
ICMP 16915,P. castaneae,CMA,19,2
ICMP 16915,P. castaneae,CMA,19,2
ICMP 16915,P. castaneae,CMA,19,2
ICMP 16915,P. castaneae,CMA,22,3
ICMP 16915,P. castaneae,CMA,22,3
ICMP 16915,P. castaneae,CMA,20,3
ICMP 16915,P. castaneae,CMA,23,3
ICMP 16915,P. castaneae,CMA,25,4
ICMP 16915,P. castaneae,CMA,22,4
ICMP 16915,P. castaneae,CMA,20,4
ICMP 16915,P. castaneae,CMA,26,4
ICMP 16915,P. castaneae,CMA,18,5
ICMP 16915,P. castaneae,CMA,21,5
ICMP 16915,P. castaneae,CMA,20,5
ICMP 16915,P. castaneae,CMA,19,5
ICMP 16915,P. castaneae,PDA,17,1
ICMP 16915,P. castaneae,PDA,14,1
ICMP 16915,P. castaneae,PDA,13,1
ICMP 16915,P. castaneae,PDA,13,1
ICMP 16915,P. castaneae,PDA,14,2
ICMP 16915,P. castaneae,PDA,13,2
ICMP 16915,P. castaneae,PDA,14,2
ICMP 16915,P. castaneae,PDA,14,2
ICMP 16915,P. castaneae,PDA,14,3
ICMP 16915,P. castaneae,PDA,13,3
ICMP 16915,P. castaneae,PDA,13,3
ICMP 16915,P. castaneae,PDA,13,3
ICMP 16915,P. castaneae,PDA,14,4
ICMP 16915,P. castaneae,PDA,13,4
ICMP 16915,P. castaneae,PDA,13,4
ICMP 16915,P. castaneae,PDA,13,4
ICMP 16915,P. castaneae,PDA,14,5
ICMP 16915,P. castaneae,PDA,14,5
ICMP 16915,P. castaneae,PDA,13,5
ICMP 16915,P. castaneae,PDA,13,5
ICMP 18737,P. castaneae,V8A,35,1
ICMP 18737,P. castaneae,V8A,35,1
ICMP 18737,P. castaneae,V8A,35,1
ICMP 18737,P. castaneae,V8A,35,1
ICMP 18737,P. castaneae,V8A,35,2
ICMP 18737,P. castaneae,V8A,35,2
ICMP 18737,P. castaneae,V8A,35,2
ICMP 18737,P. castaneae,V8A,33,2
ICMP 18737,P. castaneae,V8A,35,3
ICMP 18737,P. castaneae,V8A,37,3
ICMP 18737,P. castaneae,V8A,35,3
ICMP 18737,P. castaneae,V8A,33,3
ICMP 18737,P. castaneae,V8A,35,4
ICMP 18737,P. castaneae,V8A,35,4
ICMP 18737,P. castaneae,V8A,35,4
ICMP 18737,P. castaneae,V8A,33,4
ICMP 18737,P. castaneae,V8A,35,5
ICMP 18737,P. castaneae,V8A,37,5
ICMP 18737,P. castaneae,V8A,38,5
ICMP 18737,P. castaneae,V8A,30,5
ICMP 18737,P. castaneae,MEA,31,1
ICMP 18737,P. castaneae,MEA,28,1
ICMP 18737,P. castaneae,MEA,26,1
ICMP 18737,P. castaneae,MEA,25,1
ICMP 18737,P. castaneae,MEA,30,2
ICMP 18737,P. castaneae,MEA,30,2
ICMP 18737,P. castaneae,MEA,30,2
ICMP 18737,P. castaneae,MEA,28,2
ICMP 18737,P. castaneae,MEA,30,3
ICMP 18737,P. castaneae,MEA,30,3
ICMP 18737,P. castaneae,MEA,30,3
ICMP 18737,P. castaneae,MEA,30,3
ICMP 18737,P. castaneae,MEA,30,4
ICMP 18737,P. castaneae,MEA,30,4
ICMP 18737,P. castaneae,MEA,28,4
ICMP 18737,P. castaneae,MEA,30,4
ICMP 18737,P. castaneae,MEA,32,5
ICMP 18737,P. castaneae,MEA,31,5
ICMP 18737,P. castaneae,MEA,30,5
ICMP 18737,P. castaneae,MEA,30,5
ICMP 18737,P. castaneae,CMA,30,1
ICMP 18737,P. castaneae,CMA,32,1
ICMP 18737,P. castaneae,CMA,34,1
ICMP 18737,P. castaneae,CMA,30,1
ICMP 18737,P. castaneae,CMA,33,2
ICMP 18737,P. castaneae,CMA,33,2
ICMP 18737,P. castaneae,CMA,30,2
ICMP 18737,P. castaneae,CMA,35,2
ICMP 18737,P. castaneae,CMA,35,3
ICMP 18737,P. castaneae,CMA,39,3
ICMP 18737,P. castaneae,CMA,33,3
ICMP 18737,P. castaneae,CMA,30,3
ICMP 18737,P. castaneae,CMA,34,4
ICMP 18737,P. castaneae,CMA,34,4
ICMP 18737,P. castaneae,CMA,30,4
ICMP 18737,P. castaneae,CMA,35,4
ICMP 18737,P. castaneae,CMA,32,5
ICMP 18737,P. castaneae,CMA,33,5
ICMP 18737,P. castaneae,CMA,30,5
ICMP 18737,P. castaneae,CMA,34,5
ICMP 18737,P. castaneae,PDA,31,1
ICMP 18737,P. castaneae,PDA,32,1
ICMP 18737,P. castaneae,PDA,31,1
ICMP 18737,P. castaneae,PDA,32,1
ICMP 18737,P. castaneae,PDA,33,2
ICMP 18737,P. castaneae,PDA,33,2
ICMP 18737,P. castaneae,PDA,35,2
ICMP 18737,P. castaneae,PDA,32,2
ICMP 18737,P. castaneae,PDA,32,3
ICMP 18737,P. castaneae,PDA,33,3
ICMP 18737,P. castaneae,PDA,31,3
ICMP 18737,P. castaneae,PDA,31,3
ICMP 18737,P. castaneae,PDA,29,4
ICMP 18737,P. castaneae,PDA,28,4
ICMP 18737,P. castaneae,PDA,32,4
ICMP 18737,P. castaneae,PDA,32,4
ICMP 18737,P. castaneae,PDA,28,5
ICMP 18737,P. castaneae,PDA,30,5
ICMP 18737,P. castaneae,PDA,30,5
ICMP 18737,P. castaneae,PDA,30,5
ICMP 17964,P. heveae,V8A,32,1
ICMP 17964,P. heveae,V8A,32,1
ICMP 17964,P. heveae,V8A,35,1
ICMP 17964,P. heveae,V8A,38,1
ICMP 17964,P. heveae,V8A,30,2
ICMP 17964,P. heveae,V8A,32,2
ICMP 17964,P. heveae,V8A,38,2
ICMP 17964,P. heveae,V8A,37,2
ICMP 17964,P. heveae,V8A,37,3
ICMP 17964,P. heveae,V8A,35,3
ICMP 17964,P. heveae,V8A,33,3
ICMP 17964,P. heveae,V8A,36,3
ICMP 17964,P. heveae,V8A,34,4
ICMP 17964,P. heveae,V8A,36,4
ICMP 17964,P. heveae,V8A,37,4
ICMP 17964,P. heveae,V8A,38,4
ICMP 17964,P. heveae,V8A,35,5
ICMP 17964,P. heveae,V8A,35,5
ICMP 17964,P. heveae,V8A,37,5
ICMP 17964,P. heveae,V8A,38,5
ICMP 17964,P. heveae,MEA,22,1
ICMP 17964,P. heveae,MEA,25,1
ICMP 17964,P. heveae,MEA,22,1
ICMP 17964,P. heveae,MEA,22,1
ICMP 17964,P. heveae,MEA,22,2
ICMP 17964,P. heveae,MEA,23,2
ICMP 17964,P. heveae,MEA,20,2
ICMP 17964,P. heveae,MEA,22,2
ICMP 17964,P. heveae,MEA,22,3
ICMP 17964,P. heveae,MEA,22,3
ICMP 17964,P. heveae,MEA,23,3
ICMP 17964,P. heveae,MEA,25,3
ICMP 17964,P. heveae,MEA,22,4
ICMP 17964,P. heveae,MEA,22,4
ICMP 17964,P. heveae,MEA,21,4
ICMP 17964,P. heveae,MEA,22,4
ICMP 17964,P. heveae,MEA,23,5
ICMP 17964,P. heveae,MEA,24,5
ICMP 17964,P. heveae,MEA,20,5
ICMP 17964,P. heveae,MEA,22,5
ICMP 17964,P. heveae,CMA,22,1
ICMP 17964,P. heveae,CMA,19,1
ICMP 17964,P. heveae,CMA,22,1
ICMP 17964,P. heveae,CMA,22,1
ICMP 17964,P. heveae,CMA,26,2
ICMP 17964,P. heveae,CMA,25,2
ICMP 17964,P. heveae,CMA,28,2
ICMP 17964,P. heveae,CMA,28,2
ICMP 17964,P. heveae,CMA,22,3
ICMP 17964,P. heveae,CMA,22,3
ICMP 17964,P. heveae,CMA,30,3
ICMP 17964,P. heveae,CMA,27,3
ICMP 17964,P. heveae,CMA,22,4
ICMP 17964,P. heveae,CMA,24,4
ICMP 17964,P. heveae,CMA,24,4
ICMP 17964,P. heveae,CMA,27,4
ICMP 17964,P. heveae,CMA,35,5
ICMP 17964,P. heveae,CMA,32,5
ICMP 17964,P. heveae,CMA,32,5
ICMP 17964,P. heveae,CMA,30,5
ICMP 17964,P. heveae,PDA,31,1
ICMP 17964,P. heveae,PDA,28,1
ICMP 17964,P. heveae,PDA,28,1
ICMP 17964,P. heveae,PDA,30,1
ICMP 17964,P. heveae,PDA,30,2
ICMP 17964,P. heveae,PDA,30,2
ICMP 17964,P. heveae,PDA,28,2
ICMP 17964,P. heveae,PDA,30,2
ICMP 17964,P. heveae,PDA,29,3
ICMP 17964,P. heveae,PDA,30,3
ICMP 17964,P. heveae,PDA,28,3
ICMP 17964,P. heveae,PDA,29,3
ICMP 17964,P. heveae,PDA,30,4
ICMP 17964,P. heveae,PDA,30,4
ICMP 17964,P. heveae,PDA,30,4
ICMP 17964,P. heveae,PDA,28,4
ICMP 17964,P. heveae,PDA,30,5
ICMP 17964,P. heveae,PDA,30,5
ICMP 17964,P. heveae,PDA,30,5
ICMP 17964,P. heveae,PDA,28,5
ICMP 16914,P. heveae,V8A,35,1
ICMP 16914,P. heveae,V8A,35,1
ICMP 16914,P. heveae,V8A,35,1
ICMP 16914,P. heveae,V8A,37,1
ICMP 16914,P. heveae,V8A,34,2
ICMP 16914,P. heveae,V8A,35,2
ICMP 16914,P. heveae,V8A,35,2
ICMP 16914,P. heveae,V8A,36,2
ICMP 16914,P. heveae,V8A,34,3
ICMP 16914,P. heveae,V8A,36,3
ICMP 16914,P. heveae,V8A,36,3
ICMP 16914,P. heveae,V8A,36,3
ICMP 16914,P. heveae,V8A,35,4
ICMP 16914,P. heveae,V8A,34,4
ICMP 16914,P. heveae,V8A,34,4
ICMP 16914,P. heveae,V8A,37,4
ICMP 16914,P. heveae,V8A,35,5
ICMP 16914,P. heveae,V8A,34,5
ICMP 16914,P. heveae,V8A,37,5
ICMP 16914,P. heveae,V8A,33,5
ICMP 16914,P. heveae,MEA,17,1
ICMP 16914,P. heveae,MEA,22,1
ICMP 16914,P. heveae,MEA,22,1
ICMP 16914,P. heveae,MEA,20,1
ICMP 16914,P. heveae,MEA,24,2
ICMP 16914,P. heveae,MEA,22,2
ICMP 16914,P. heveae,MEA,26,2
ICMP 16914,P. heveae,MEA,18,2
ICMP 16914,P. heveae,MEA,20,3
ICMP 16914,P. heveae,MEA,25,3
ICMP 16914,P. heveae,MEA,20,3
ICMP 16914,P. heveae,MEA,23,3
ICMP 16914,P. heveae,MEA,20,4
ICMP 16914,P. heveae,MEA,20,4
ICMP 16914,P. heveae,MEA,20,4
ICMP 16914,P. heveae,MEA,18,4
ICMP 16914,P. heveae,MEA,23,5
ICMP 16914,P. heveae,MEA,17,5
ICMP 16914,P. heveae,MEA,18,5
ICMP 16914,P. heveae,MEA,18,5
ICMP 16914,P. heveae,CMA,15,1
ICMP 16914,P. heveae,CMA,17,1
ICMP 16914,P. heveae,CMA,15,1
ICMP 16914,P. heveae,CMA,20,1
ICMP 16914,P. heveae,CMA,14,2
ICMP 16914,P. heveae,CMA,18,2
ICMP 16914,P. heveae,CMA,20,2
ICMP 16914,P. heveae,CMA,15,2
ICMP 16914,P. heveae,CMA,30,3
ICMP 16914,P. heveae,CMA,29,3
ICMP 16914,P. heveae,CMA,30,3
ICMP 16914,P. heveae,CMA,20,3
ICMP 16914,P. heveae,CMA,28,4
ICMP 16914,P. heveae,CMA,25,4
ICMP 16914,P. heveae,CMA,25,4
ICMP 16914,P. heveae,CMA,28,4
ICMP 16914,P. heveae,CMA,21,5
ICMP 16914,P. heveae,CMA,18,5
ICMP 16914,P. heveae,CMA,22,5
ICMP 16914,P. heveae,CMA,20,5
ICMP 16914,P. heveae,PDA,30,1
ICMP 16914,P. heveae,PDA,29,1
ICMP 16914,P. heveae,PDA,28,1
ICMP 16914,P. heveae,PDA,26,1
ICMP 16914,P. heveae,PDA,28,2
ICMP 16914,P. heveae,PDA,22,2
ICMP 16914,P. heveae,PDA,32,2
ICMP 16914,P. heveae,PDA,25,2
ICMP 16914,P. heveae,PDA,30,3
ICMP 16914,P. heveae,PDA,35,3
ICMP 16914,P. heveae,PDA,30,3
ICMP 16914,P. heveae,PDA,30,3
ICMP 16914,P. heveae,PDA,22,4
ICMP 16914,P. heveae,PDA,27,4
ICMP 16914,P. heveae,PDA,30,4
ICMP 16914,P. heveae,PDA,27,4
ICMP 16914,P. heveae,PDA,25,5
ICMP 16914,P. heveae,PDA,27,5
ICMP 16914,P. heveae,PDA,28,5
ICMP 16914,P. heveae,PDA,28,5
ICMP 16471,P. agathidicida,V8A,30,1
ICMP 16471,P. agathidicida,V8A,34,1
ICMP 16471,P. agathidicida,V8A,33,1
ICMP 16471,P. agathidicida,V8A,35,1
ICMP 16471,P. agathidicida,V8A,34,2
ICMP 16471,P. agathidicida,V8A,34,2
ICMP 16471,P. agathidicida,V8A,30,2
ICMP 16471,P. agathidicida,V8A,33,2
ICMP 16471,P. agathidicida,V8A,34,3
ICMP 16471,P. agathidicida,V8A,32,3
ICMP 16471,P. agathidicida,V8A,33,3
ICMP 16471,P. agathidicida,V8A,34,3
ICMP 16471,P. agathidicida,V8A,34,4
ICMP 16471,P. agathidicida,V8A,30,4
ICMP 16471,P. agathidicida,V8A,32,4
ICMP 16471,P. agathidicida,V8A,30,4
ICMP 16471,P. agathidicida,V8A,35,5
ICMP 16471,P. agathidicida,V8A,33,5
ICMP 16471,P. agathidicida,V8A,33,5
ICMP 16471,P. agathidicida,V8A,33,5
ICMP 16471,P. agathidicida,MEA,30,1
ICMP 16471,P. agathidicida,MEA,32,1
ICMP 16471,P. agathidicida,MEA,32,1
ICMP 16471,P. agathidicida,MEA,28,1
ICMP 16471,P. agathidicida,MEA,28,2
ICMP 16471,P. agathidicida,MEA,29,2
ICMP 16471,P. agathidicida,MEA,30,2
ICMP 16471,P. agathidicida,MEA,30,2
ICMP 16471,P. agathidicida,MEA,30,3
ICMP 16471,P. agathidicida,MEA,30,3
ICMP 16471,P. agathidicida,MEA,30,3
ICMP 16471,P. agathidicida,MEA,30,3
ICMP 16471,P. agathidicida,MEA,30,4
ICMP 16471,P. agathidicida,MEA,30,4
ICMP 16471,P. agathidicida,MEA,31,4
ICMP 16471,P. agathidicida,MEA,30,4
ICMP 16471,P. agathidicida,MEA,30,5
ICMP 16471,P. agathidicida,MEA,30,5
ICMP 16471,P. agathidicida,MEA,30,5
ICMP 16471,P. agathidicida,MEA,28,5
ICMP 16471,P. agathidicida,CMA,22,1
ICMP 16471,P. agathidicida,CMA,22,1
ICMP 16471,P. agathidicida,CMA,17,1
ICMP 16471,P. agathidicida,CMA,22,1
ICMP 16471,P. agathidicida,CMA,28,2
ICMP 16471,P. agathidicida,CMA,22,2
ICMP 16471,P. agathidicida,CMA,22,2
ICMP 16471,P. agathidicida,CMA,24,2
ICMP 16471,P. agathidicida,CMA,28,3
ICMP 16471,P. agathidicida,CMA,20,3
ICMP 16471,P. agathidicida,CMA,18,3
ICMP 16471,P. agathidicida,CMA,25,3
ICMP 16471,P. agathidicida,CMA,26,4
ICMP 16471,P. agathidicida,CMA,24,4
ICMP 16471,P. agathidicida,CMA,23,4
ICMP 16471,P. agathidicida,CMA,25,4
ICMP 16471,P. agathidicida,CMA,20,5
ICMP 16471,P. agathidicida,CMA,20,5
ICMP 16471,P. agathidicida,CMA,18,5
ICMP 16471,P. agathidicida,CMA,22,5
ICMP 16471,P. agathidicida,PDA,32,1
ICMP 16471,P. agathidicida,PDA,30,1
ICMP 16471,P. agathidicida,PDA,30,1
ICMP 16471,P. agathidicida,PDA,30,1
ICMP 16471,P. agathidicida,PDA,30,2
ICMP 16471,P. agathidicida,PDA,32,2
ICMP 16471,P. agathidicida,PDA,31,2
ICMP 16471,P. agathidicida,PDA,30,2
ICMP 16471,P. agathidicida,PDA,30,3
ICMP 16471,P. agathidicida,PDA,30,3
ICMP 16471,P. agathidicida,PDA,30,3
ICMP 16471,P. agathidicida,PDA,31,3
ICMP 16471,P. agathidicida,PDA,28,4
ICMP 16471,P. agathidicida,PDA,28,4
ICMP 16471,P. agathidicida,PDA,29,4
ICMP 16471,P. agathidicida,PDA,28,4
ICMP 16471,P. agathidicida,PDA,29,5
ICMP 16471,P. agathidicida,PDA,23,5
ICMP 16471,P. agathidicida,PDA,30,5
ICMP 16471,P. agathidicida,PDA,22,5
ICMP 18244,P. agathidicida,V8A,30,1
ICMP 18244,P. agathidicida,V8A,30,1
ICMP 18244,P. agathidicida,V8A,30,1
ICMP 18244,P. agathidicida,V8A,26,1
ICMP 18244,P. agathidicida,V8A,27,2
ICMP 18244,P. agathidicida,V8A,28,2
ICMP 18244,P. agathidicida,V8A,29,2
ICMP 18244,P. agathidicida,V8A,27,2
ICMP 18244,P. agathidicida,V8A,29,3
ICMP 18244,P. agathidicida,V8A,28,3
ICMP 18244,P. agathidicida,V8A,30,3
ICMP 18244,P. agathidicida,V8A,28,3
ICMP 18244,P. agathidicida,V8A,28,4
ICMP 18244,P. agathidicida,V8A,27,4
ICMP 18244,P. agathidicida,V8A,28,4
ICMP 18244,P. agathidicida,V8A,29,4
ICMP 18244,P. agathidicida,V8A,30,5
ICMP 18244,P. agathidicida,V8A,29,5
ICMP 18244,P. agathidicida,V8A,30,5
ICMP 18244,P. agathidicida,V8A,30,5
ICMP 18244,P. agathidicida,MEA,23,1
ICMP 18244,P. agathidicida,MEA,22,1
ICMP 18244,P. agathidicida,MEA,23,1
ICMP 18244,P. agathidicida,MEA,22,1
ICMP 18244,P. agathidicida,MEA,22,2
ICMP 18244,P. agathidicida,MEA,25,2
ICMP 18244,P. agathidicida,MEA,23,2
ICMP 18244,P. agathidicida,MEA,22,2
ICMP 18244,P. agathidicida,MEA,20,3
ICMP 18244,P. agathidicida,MEA,22,3
ICMP 18244,P. agathidicida,MEA,22,3
ICMP 18244,P. agathidicida,MEA,20,3
ICMP 18244,P. agathidicida,MEA,22,4
ICMP 18244,P. agathidicida,MEA,22,4
ICMP 18244,P. agathidicida,MEA,20,4
ICMP 18244,P. agathidicida,MEA,22,4
ICMP 18244,P. agathidicida,MEA,22,5
ICMP 18244,P. agathidicida,MEA,23,5
ICMP 18244,P. agathidicida,MEA,22,5
ICMP 18244,P. agathidicida,MEA,23,5
ICMP 18244,P. agathidicida,CMA,25,1
ICMP 18244,P. agathidicida,CMA,29,1
ICMP 18244,P. agathidicida,CMA,22,1
ICMP 18244,P. agathidicida,CMA,25,1
ICMP 18244,P. agathidicida,CMA,22,2
ICMP 18244,P. agathidicida,CMA,23,2
ICMP 18244,P. agathidicida,CMA,23,2
ICMP 18244,P. agathidicida,CMA,21,2
ICMP 18244,P. agathidicida,CMA,25,3
ICMP 18244,P. agathidicida,CMA,25,3
ICMP 18244,P. agathidicida,CMA,22,3
ICMP 18244,P. agathidicida,CMA,23,3
ICMP 18244,P. agathidicida,CMA,25,4
ICMP 18244,P. agathidicida,CMA,23,4
ICMP 18244,P. agathidicida,CMA,25,4
ICMP 18244,P. agathidicida,CMA,24,4
ICMP 18244,P. agathidicida,CMA,25,5
ICMP 18244,P. agathidicida,CMA,22,5
ICMP 18244,P. agathidicida,CMA,20,5
ICMP 18244,P. agathidicida,CMA,25,5
ICMP 18244,P. agathidicida,PDA,23,1
ICMP 18244,P. agathidicida,PDA,21,1
ICMP 18244,P. agathidicida,PDA,23,1
ICMP 18244,P. agathidicida,PDA,20,1
ICMP 18244,P. agathidicida,PDA,22,2
ICMP 18244,P. agathidicida,PDA,21,2
ICMP 18244,P. agathidicida,PDA,22,2
ICMP 18244,P. agathidicida,PDA,22,2
ICMP 18244,P. agathidicida,PDA,21,3
ICMP 18244,P. agathidicida,PDA,22,3
ICMP 18244,P. agathidicida,PDA,23,3
ICMP 18244,P. agathidicida,PDA,22,3
ICMP 18244,P. agathidicida,PDA,22,4
ICMP 18244,P. agathidicida,PDA,24,4
ICMP 18244,P. agathidicida,PDA,22,4
ICMP 18244,P. agathidicida,PDA,22,4
ICMP 18244,P. agathidicida,PDA,22,5
ICMP 18244,P. agathidicida,PDA,23,5
ICMP 18244,P. agathidicida,PDA,20,5
ICMP 18244,P. agathidicida,PDA,24,5
ICMP 19434,P. castaneae,V8A,16,1
ICMP 19434,P. castaneae,V8A,17,1
ICMP 19434,P. castaneae,V8A,17,1
ICMP 19434,P. castaneae,V8A,15,1
ICMP 19434,P. castaneae,V8A,15,2
ICMP 19434,P. castaneae,V8A,15,2
ICMP 19434,P. castaneae,V8A,15,2
ICMP 19434,P. castaneae,V8A,16,2
ICMP 19434,P. castaneae,V8A,15,3
ICMP 19434,P. castaneae,V8A,15,3
ICMP 19434,P. castaneae,V8A,17,3
ICMP 19434,P. castaneae,V8A,16,3
ICMP 19434,P. castaneae,V8A,16,4
ICMP 19434,P. castaneae,V8A,16,4
ICMP 19434,P. castaneae,V8A,18,4
ICMP 19434,P. castaneae,V8A,18,4
ICMP 19434,P. castaneae,V8A,17,5
ICMP 19434,P. castaneae,V8A,17,5
ICMP 19434,P. castaneae,V8A,18,5
ICMP 19434,P. castaneae,V8A,15,5
ICMP 19434,P. castaneae,MEA,12,1
ICMP 19434,P. castaneae,MEA,16,1
ICMP 19434,P. castaneae,MEA,14,1
ICMP 19434,P. castaneae,MEA,13,1
ICMP 19434,P. castaneae,MEA,15,2
ICMP 19434,P. castaneae,MEA,14,2
ICMP 19434,P. castaneae,MEA,13,2
ICMP 19434,P. castaneae,MEA,13,2
ICMP 19434,P. castaneae,MEA,13,3
ICMP 19434,P. castaneae,MEA,15,3
ICMP 19434,P. castaneae,MEA,15,3
ICMP 19434,P. castaneae,MEA,15,3
ICMP 19434,P. castaneae,MEA,12,4
ICMP 19434,P. castaneae,MEA,15,4
ICMP 19434,P. castaneae,MEA,13,4
ICMP 19434,P. castaneae,MEA,14,4
ICMP 19434,P. castaneae,MEA,13,5
ICMP 19434,P. castaneae,MEA,15,5
ICMP 19434,P. castaneae,MEA,13,5
ICMP 19434,P. castaneae,MEA,13,5
ICMP 19434,P. castaneae,CMA,13,1
ICMP 19434,P. castaneae,CMA,15,1
ICMP 19434,P. castaneae,CMA,14,1
ICMP 19434,P. castaneae,CMA,13,1
ICMP 19434,P. castaneae,CMA,12,2
ICMP 19434,P. castaneae,CMA,12,2
ICMP 19434,P. castaneae,CMA,12,2
ICMP 19434,P. castaneae,CMA,12,2
ICMP 19434,P. castaneae,CMA,14,3
ICMP 19434,P. castaneae,CMA,13,3
ICMP 19434,P. castaneae,CMA,12,3
ICMP 19434,P. castaneae,CMA,16,3
ICMP 19434,P. castaneae,CMA,17,4
ICMP 19434,P. castaneae,CMA,12,4
ICMP 19434,P. castaneae,CMA,14,4
ICMP 19434,P. castaneae,CMA,14,4
ICMP 19434,P. castaneae,CMA,13,5
ICMP 19434,P. castaneae,CMA,15,5
ICMP 19434,P. castaneae,CMA,16,5
ICMP 19434,P. castaneae,CMA,15,5
ICMP 19434,P. castaneae,PDA,11,1
ICMP 19434,P. castaneae,PDA,10,1
ICMP 19434,P. castaneae,PDA,13,1
ICMP 19434,P. castaneae,PDA,14,1
ICMP 19434,P. castaneae,PDA,10,2
ICMP 19434,P. castaneae,PDA,10,2
ICMP 19434,P. castaneae,PDA,11,2
ICMP 19434,P. castaneae,PDA,11,2
ICMP 19434,P. castaneae,PDA,11,3
ICMP 19434,P. castaneae,PDA,12,3
ICMP 19434,P. castaneae,PDA,11,3
ICMP 19434,P. castaneae,PDA,10,3
ICMP 19434,P. castaneae,PDA,11,4
ICMP 19434,P. castaneae,PDA,12,4
ICMP 19434,P. castaneae,PDA,10,4
ICMP 19434,P. castaneae,PDA,13,4
ICMP 19434,P. castaneae,PDA,15,5
ICMP 19434,P. castaneae,PDA,13,5
ICMP 19434,P. castaneae,PDA,12,5
ICMP 19434,P. castaneae,PDA,13,5
ICMP 19435,P. castaneae,V8A,33,1
ICMP 19435,P. castaneae,V8A,33,1
ICMP 19435,P. castaneae,V8A,30,1
ICMP 19435,P. castaneae,V8A,30,1
ICMP 19435,P. castaneae,V8A,30,2
ICMP 19435,P. castaneae,V8A,31,2
ICMP 19435,P. castaneae,V8A,32,2
ICMP 19435,P. castaneae,V8A,32,2
ICMP 19435,P. castaneae,V8A,30,3
ICMP 19435,P. castaneae,V8A,30,3
ICMP 19435,P. castaneae,V8A,30,3
ICMP 19435,P. castaneae,V8A,30,3
ICMP 19435,P. castaneae,V8A,31,4
ICMP 19435,P. castaneae,V8A,31,4
ICMP 19435,P. castaneae,V8A,30,4
ICMP 19435,P. castaneae,V8A,30,4
ICMP 19435,P. castaneae,V8A,32,5
ICMP 19435,P. castaneae,V8A,30,5
ICMP 19435,P. castaneae,V8A,29,5
ICMP 19435,P. castaneae,V8A,31,5
ICMP 19435,P. castaneae,MEA,25,1
ICMP 19435,P. castaneae,MEA,25,1
ICMP 19435,P. castaneae,MEA,26,1
ICMP 19435,P. castaneae,MEA,25,1
ICMP 19435,P. castaneae,MEA,25,2
ICMP 19435,P. castaneae,MEA,26,2
ICMP 19435,P. castaneae,MEA,25,2
ICMP 19435,P. castaneae,MEA,26,2
ICMP 19435,P. castaneae,MEA,27,3
ICMP 19435,P. castaneae,MEA,27,3
ICMP 19435,P. castaneae,MEA,27,3
ICMP 19435,P. castaneae,MEA,27,3
ICMP 19435,P. castaneae,MEA,25,4
ICMP 19435,P. castaneae,MEA,27,4
ICMP 19435,P. castaneae,MEA,27,4
ICMP 19435,P. castaneae,MEA,28,4
ICMP 19435,P. castaneae,MEA,27,5
ICMP 19435,P. castaneae,MEA,26,5
ICMP 19435,P. castaneae,MEA,26,5
ICMP 19435,P. castaneae,MEA,26,5
ICMP 19435,P. castaneae,CMA,25,1
ICMP 19435,P. castaneae,CMA,25,1
ICMP 19435,P. castaneae,CMA,26,1
ICMP 19435,P. castaneae,CMA,23,1
ICMP 19435,P. castaneae,CMA,27,2
ICMP 19435,P. castaneae,CMA,25,2
ICMP 19435,P. castaneae,CMA,30,2
ICMP 19435,P. castaneae,CMA,33,2
ICMP 19435,P. castaneae,CMA,23,3
ICMP 19435,P. castaneae,CMA,24,3
ICMP 19435,P. castaneae,CMA,24,3
ICMP 19435,P. castaneae,CMA,25,3
ICMP 19435,P. castaneae,CMA,22,4
ICMP 19435,P. castaneae,CMA,28,4
ICMP 19435,P. castaneae,CMA,25,4
ICMP 19435,P. castaneae,CMA,25,4
ICMP 19435,P. castaneae,CMA,25,5
ICMP 19435,P. castaneae,CMA,28,5
ICMP 19435,P. castaneae,CMA,22,5
ICMP 19435,P. castaneae,CMA,22,5
ICMP 19435,P. castaneae,PDA,20,1
ICMP 19435,P. castaneae,PDA,15,1
ICMP 19435,P. castaneae,PDA,17,1
ICMP 19435,P. castaneae,PDA,15,1
ICMP 19435,P. castaneae,PDA,22,2
ICMP 19435,P. castaneae,PDA,16,2
ICMP 19435,P. castaneae,PDA,17,2
ICMP 19435,P. castaneae,PDA,16,2
ICMP 19435,P. castaneae,PDA,20,3
ICMP 19435,P. castaneae,PDA,18,3
ICMP 19435,P. castaneae,PDA,18,3
ICMP 19435,P. castaneae,PDA,17,3
ICMP 19435,P. castaneae,PDA,16,4
ICMP 19435,P. castaneae,PDA,17,4
ICMP 19435,P. castaneae,PDA,17,4
ICMP 19435,P. castaneae,PDA,15,4
ICMP 19435,P. castaneae,PDA,12,5
ICMP 19435,P. castaneae,PDA,21,5
ICMP 19435,P. castaneae,PDA,17,5
ICMP 19435,P. castaneae,PDA,16,5
ICMP 19436,P. castaneae,V8A,37,1
ICMP 19436,P. castaneae,V8A,35,1
ICMP 19436,P. castaneae,V8A,36,1
ICMP 19436,P. castaneae,V8A,40,1
ICMP 19436,P. castaneae,V8A,40,2
ICMP 19436,P. castaneae,V8A,35,2
ICMP 19436,P. castaneae,V8A,35,2
ICMP 19436,P. castaneae,V8A,40,2
ICMP 19436,P. castaneae,V8A,40,3
ICMP 19436,P. castaneae,V8A,35,3
ICMP 19436,P. castaneae,V8A,35,3
ICMP 19436,P. castaneae,V8A,40,3
ICMP 19436,P. castaneae,V8A,35,4
ICMP 19436,P. castaneae,V8A,33,4
ICMP 19436,P. castaneae,V8A,40,4
ICMP 19436,P. castaneae,V8A,43,4
ICMP 19436,P. castaneae,V8A,37,5
ICMP 19436,P. castaneae,V8A,35,5
ICMP 19436,P. castaneae,V8A,37,5
ICMP 19436,P. castaneae,V8A,42,5
ICMP 19436,P. castaneae,MEA,40,1
ICMP 19436,P. castaneae,MEA,36,1
ICMP 19436,P. castaneae,MEA,36,1
ICMP 19436,P. castaneae,MEA,40,1
ICMP 19436,P. castaneae,MEA,37,2
ICMP 19436,P. castaneae,MEA,36,2
ICMP 19436,P. castaneae,MEA,40,2
ICMP 19436,P. castaneae,MEA,41,2
ICMP 19436,P. castaneae,MEA,37,3
ICMP 19436,P. castaneae,MEA,37,3
ICMP 19436,P. castaneae,MEA,37,3
ICMP 19436,P. castaneae,MEA,40,3
ICMP 19436,P. castaneae,MEA,37,4
ICMP 19436,P. castaneae,MEA,37,4
ICMP 19436,P. castaneae,MEA,40,4
ICMP 19436,P. castaneae,MEA,39,4
ICMP 19436,P. castaneae,MEA,38,5
ICMP 19436,P. castaneae,MEA,38,5
ICMP 19436,P. castaneae,MEA,38,5
ICMP 19436,P. castaneae,MEA,38,5
ICMP 19436,P. castaneae,CMA,37,1
ICMP 19436,P. castaneae,CMA,34,1
ICMP 19436,P. castaneae,CMA,35,1
ICMP 19436,P. castaneae,CMA,39,1
ICMP 19436,P. castaneae,CMA,35,2
ICMP 19436,P. castaneae,CMA,40,2
ICMP 19436,P. castaneae,CMA,40,2
ICMP 19436,P. castaneae,CMA,35,2
ICMP 19436,P. castaneae,CMA,40,3
ICMP 19436,P. castaneae,CMA,40,3
ICMP 19436,P. castaneae,CMA,35,3
ICMP 19436,P. castaneae,CMA,35,3
ICMP 19436,P. castaneae,CMA,40,4
ICMP 19436,P. castaneae,CMA,40,4
ICMP 19436,P. castaneae,CMA,35,4
ICMP 19436,P. castaneae,CMA,35,4
ICMP 19436,P. castaneae,CMA,35,5
ICMP 19436,P. castaneae,CMA,40,5
ICMP 19436,P. castaneae,CMA,40,5
ICMP 19436,P. castaneae,CMA,35,5
ICMP 19436,P. castaneae,PDA,40,1
ICMP 19436,P. castaneae,PDA,35,1
ICMP 19436,P. castaneae,PDA,37,1
ICMP 19436,P. castaneae,PDA,42,1
ICMP 19436,P. castaneae,PDA,46,2
ICMP 19436,P. castaneae,PDA,38,2
ICMP 19436,P. castaneae,PDA,38,2
ICMP 19436,P. castaneae,PDA,38,2
ICMP 19436,P. castaneae,PDA,38,3
ICMP 19436,P. castaneae,PDA,38,3
ICMP 19436,P. castaneae,PDA,36,3
ICMP 19436,P. castaneae,PDA,40,3
ICMP 19436,P. castaneae,PDA,39,4
ICMP 19436,P. castaneae,PDA,36,4
ICMP 19436,P. castaneae,PDA,37,4
ICMP 19436,P. castaneae,PDA,42,4
ICMP 19436,P. castaneae,PDA,36,5
ICMP 19436,P. castaneae,PDA,40,5
ICMP 19436,P. castaneae,PDA,40,5
ICMP 19436,P. castaneae,PDA,37,5
ICMP 19437,P. castaneae,V8A,35,1
ICMP 19437,P. castaneae,V8A,37,1
ICMP 19437,P. castaneae,V8A,38,1
ICMP 19437,P. castaneae,V8A,37,1
ICMP 19437,P. castaneae,V8A,35,2
ICMP 19437,P. castaneae,V8A,40,2
ICMP 19437,P. castaneae,V8A,40,2
ICMP 19437,P. castaneae,V8A,35,2
ICMP 19437,P. castaneae,V8A,37,3
ICMP 19437,P. castaneae,V8A,37,3
ICMP 19437,P. castaneae,V8A,37,3
ICMP 19437,P. castaneae,V8A,37,3
ICMP 19437,P. castaneae,V8A,37,4
ICMP 19437,P. castaneae,V8A,37,4
ICMP 19437,P. castaneae,V8A,40,4
ICMP 19437,P. castaneae,V8A,37,4
ICMP 19437,P. castaneae,V8A,37,5
ICMP 19437,P. castaneae,V8A,34,5
ICMP 19437,P. castaneae,V8A,38,5
ICMP 19437,P. castaneae,V8A,41,5
ICMP 19437,P. castaneae,MEA,40,1
ICMP 19437,P. castaneae,MEA,35,1
ICMP 19437,P. castaneae,MEA,35,1
ICMP 19437,P. castaneae,MEA,42,1
ICMP 19437,P. castaneae,MEA,36,2
ICMP 19437,P. castaneae,MEA,38,2
ICMP 19437,P. castaneae,MEA,38,2
ICMP 19437,P. castaneae,MEA,32,2
ICMP 19437,P. castaneae,MEA,36,3
ICMP 19437,P. castaneae,MEA,32,3
ICMP 19437,P. castaneae,MEA,32,3
ICMP 19437,P. castaneae,MEA,40,3
ICMP 19437,P. castaneae,MEA,35,4
ICMP 19437,P. castaneae,MEA,37,4
ICMP 19437,P. castaneae,MEA,40,4
ICMP 19437,P. castaneae,MEA,40,4
ICMP 19437,P. castaneae,MEA,38,5
ICMP 19437,P. castaneae,MEA,37,5
ICMP 19437,P. castaneae,MEA,38,5
ICMP 19437,P. castaneae,MEA,38,5
ICMP 19437,P. castaneae,CMA,35,1
ICMP 19437,P. castaneae,CMA,35,1
ICMP 19437,P. castaneae,CMA,35,1
ICMP 19437,P. castaneae,CMA,35,1
ICMP 19437,P. castaneae,CMA,32,2
ICMP 19437,P. castaneae,CMA,32,2
ICMP 19437,P. castaneae,CMA,37,2
ICMP 19437,P. castaneae,CMA,37,2
ICMP 19437,P. castaneae,CMA,30,3
ICMP 19437,P. castaneae,CMA,34,3
ICMP 19437,P. castaneae,CMA,37,3
ICMP 19437,P. castaneae,CMA,36,3
ICMP 19437,P. castaneae,CMA,30,4
ICMP 19437,P. castaneae,CMA,33,4
ICMP 19437,P. castaneae,CMA,40,4
ICMP 19437,P. castaneae,CMA,42,4
ICMP 19437,P. castaneae,CMA,37,5
ICMP 19437,P. castaneae,CMA,30,5
ICMP 19437,P. castaneae,CMA,30,5
ICMP 19437,P. castaneae,CMA,35,5
ICMP 19437,P. castaneae,PDA,35,1
ICMP 19437,P. castaneae,PDA,38,1
ICMP 19437,P. castaneae,PDA,41,1
ICMP 19437,P. castaneae,PDA,38,1
ICMP 19437,P. castaneae,PDA,35,2
ICMP 19437,P. castaneae,PDA,37,2
ICMP 19437,P. castaneae,PDA,40,2
ICMP 19437,P. castaneae,PDA,38,2
ICMP 19437,P. castaneae,PDA,35,3
ICMP 19437,P. castaneae,PDA,37,3
ICMP 19437,P. castaneae,PDA,42,3
ICMP 19437,P. castaneae,PDA,40,3
ICMP 19437,P. castaneae,PDA,38,4
ICMP 19437,P. castaneae,PDA,37,4
ICMP 19437,P. castaneae,PDA,38,4
ICMP 19437,P. castaneae,PDA,39,4
ICMP 19437,P. castaneae,PDA,38,5
ICMP 19437,P. castaneae,PDA,37,5
ICMP 19437,P. castaneae,PDA,40,5
ICMP 19437,P. castaneae,PDA,40,5
ICMP 19450,P. castaneae,V8A,35,1
ICMP 19450,P. castaneae,V8A,36,1
ICMP 19450,P. castaneae,V8A,40,1
ICMP 19450,P. castaneae,V8A,37,1
ICMP 19450,P. castaneae,V8A,36,2
ICMP 19450,P. castaneae,V8A,35,2
ICMP 19450,P. castaneae,V8A,37,2
ICMP 19450,P. castaneae,V8A,39,2
ICMP 19450,P. castaneae,V8A,36,3
ICMP 19450,P. castaneae,V8A,35,3
ICMP 19450,P. castaneae,V8A,36,3
ICMP 19450,P. castaneae,V8A,37,3
ICMP 19450,P. castaneae,V8A,39,4
ICMP 19450,P. castaneae,V8A,36,4
ICMP 19450,P. castaneae,V8A,35,4
ICMP 19450,P. castaneae,V8A,37,4
ICMP 19450,P. castaneae,V8A,35,5
ICMP 19450,P. castaneae,V8A,36,5
ICMP 19450,P. castaneae,V8A,37,5
ICMP 19450,P. castaneae,V8A,37,5
ICMP 19450,P. castaneae,MEA,35,1
ICMP 19450,P. castaneae,MEA,36,1
ICMP 19450,P. castaneae,MEA,35,1
ICMP 19450,P. castaneae,MEA,36,1
ICMP 19450,P. castaneae,MEA,35,2
ICMP 19450,P. castaneae,MEA,37,2
ICMP 19450,P. castaneae,MEA,37,2
ICMP 19450,P. castaneae,MEA,36,2
ICMP 19450,P. castaneae,MEA,33,3
ICMP 19450,P. castaneae,MEA,32,3
ICMP 19450,P. castaneae,MEA,36,3
ICMP 19450,P. castaneae,MEA,35,3
ICMP 19450,P. castaneae,MEA,36,4
ICMP 19450,P. castaneae,MEA,35,4
ICMP 19450,P. castaneae,MEA,34,4
ICMP 19450,P. castaneae,MEA,36,4
ICMP 19450,P. castaneae,MEA,35,5
ICMP 19450,P. castaneae,MEA,32,5
ICMP 19450,P. castaneae,MEA,33,5
ICMP 19450,P. castaneae,MEA,35,5
ICMP 19450,P. castaneae,CMA,31,1
ICMP 19450,P. castaneae,CMA,35,1
ICMP 19450,P. castaneae,CMA,32,1
ICMP 19450,P. castaneae,CMA,37,1
ICMP 19450,P. castaneae,CMA,37,2
ICMP 19450,P. castaneae,CMA,35,2
ICMP 19450,P. castaneae,CMA,34,2
ICMP 19450,P. castaneae,CMA,35,2
ICMP 19450,P. castaneae,CMA,35,3
ICMP 19450,P. castaneae,CMA,35,3
ICMP 19450,P. castaneae,CMA,35,3
ICMP 19450,P. castaneae,CMA,35,3
ICMP 19450,P. castaneae,CMA,35,4
ICMP 19450,P. castaneae,CMA,35,4
ICMP 19450,P. castaneae,CMA,35,4
ICMP 19450,P. castaneae,CMA,35,4
ICMP 19450,P. castaneae,CMA,35,5
ICMP 19450,P. castaneae,CMA,35,5
ICMP 19450,P. castaneae,CMA,37,5
ICMP 19450,P. castaneae,CMA,37,5
ICMP 19450,P. castaneae,PDA,33,1
ICMP 19450,P. castaneae,PDA,35,1
ICMP 19450,P. castaneae,PDA,36,1
ICMP 19450,P. castaneae,PDA,35,1
ICMP 19450,P. castaneae,PDA,33,2
ICMP 19450,P. castaneae,PDA,34,2
ICMP 19450,P. castaneae,PDA,34,2
ICMP 19450,P. castaneae,PDA,33,2
ICMP 19450,P. castaneae,PDA,35,3
ICMP 19450,P. castaneae,PDA,33,3
ICMP 19450,P. castaneae,PDA,34,3
ICMP 19450,P. castaneae,PDA,32,3
ICMP 19450,P. castaneae,PDA,34,4
ICMP 19450,P. castaneae,PDA,34,4
ICMP 19450,P. castaneae,PDA,35,4
ICMP 19450,P. castaneae,PDA,35,4
ICMP 19450,P. castaneae,PDA,31,5
ICMP 19450,P. castaneae,PDA,31,5
ICMP 19450,P. castaneae,PDA,34,5
ICMP 19450,P. castaneae,PDA,32,5
ICMP 19451,P. heveae,V8A,32,1
ICMP 19451,P. heveae,V8A,34,1
ICMP 19451,P. heveae,V8A,33,1
ICMP 19451,P. heveae,V8A,31,1
ICMP 19451,P. heveae,V8A,29,2
ICMP 19451,P. heveae,V8A,32,2
ICMP 19451,P. heveae,V8A,31,2
ICMP 19451,P. heveae,V8A,29,2
ICMP 19451,P. heveae,V8A,32,3
ICMP 19451,P. heveae,V8A,31,3
ICMP 19451,P. heveae,V8A,33,3
ICMP 19451,P. heveae,V8A,33,3
ICMP 19451,P. heveae,V8A,31,4
ICMP 19451,P. heveae,V8A,30,4
ICMP 19451,P. heveae,V8A,32,4
ICMP 19451,P. heveae,V8A,30,4
ICMP 19451,P. heveae,V8A,32,5
ICMP 19451,P. heveae,V8A,32,5
ICMP 19451,P. heveae,V8A,34,5
ICMP 19451,P. heveae,V8A,34,5
ICMP 19451,P. heveae,MEA,17,1
ICMP 19451,P. heveae,MEA,17,1
ICMP 19451,P. heveae,MEA,17,1
ICMP 19451,P. heveae,MEA,19,1
ICMP 19451,P. heveae,MEA,21,2
ICMP 19451,P. heveae,MEA,21,2
ICMP 19451,P. heveae,MEA,20,2
ICMP 19451,P. heveae,MEA,19,2
ICMP 19451,P. heveae,MEA,21,3
ICMP 19451,P. heveae,MEA,19,3
ICMP 19451,P. heveae,MEA,20,3
ICMP 19451,P. heveae,MEA,21,3
ICMP 19451,P. heveae,MEA,19,4
ICMP 19451,P. heveae,MEA,22,4
ICMP 19451,P. heveae,MEA,20,4
ICMP 19451,P. heveae,MEA,18,4
ICMP 19451,P. heveae,MEA,20,5
ICMP 19451,P. heveae,MEA,19,5
ICMP 19451,P. heveae,MEA,21,5
ICMP 19451,P. heveae,MEA,21,5
ICMP 19451,P. heveae,CMA,24,1
ICMP 19451,P. heveae,CMA,24,1
ICMP 19451,P. heveae,CMA,25,1
ICMP 19451,P. heveae,CMA,25,1
ICMP 19451,P. heveae,CMA,25,2
ICMP 19451,P. heveae,CMA,22,2
ICMP 19451,P. heveae,CMA,23,2
ICMP 19451,P. heveae,CMA,25,2
ICMP 19451,P. heveae,CMA,22,3
ICMP 19451,P. heveae,CMA,25,3
ICMP 19451,P. heveae,CMA,25,3
ICMP 19451,P. heveae,CMA,25,3
ICMP 19451,P. heveae,CMA,21,4
ICMP 19451,P. heveae,CMA,21,4
ICMP 19451,P. heveae,CMA,22,4
ICMP 19451,P. heveae,CMA,25,4
ICMP 19451,P. heveae,CMA,25,5
ICMP 19451,P. heveae,CMA,25,5
ICMP 19451,P. heveae,CMA,25,5
ICMP 19451,P. heveae,CMA,25,5
ICMP 19451,P. heveae,PDA,22,1
ICMP 19451,P. heveae,PDA,24,1
ICMP 19451,P. heveae,PDA,22,1
ICMP 19451,P. heveae,PDA,24,1
ICMP 19451,P. heveae,PDA,22,2
ICMP 19451,P. heveae,PDA,19,2
ICMP 19451,P. heveae,PDA,20,2
ICMP 19451,P. heveae,PDA,22,2
ICMP 19451,P. heveae,PDA,21,3
ICMP 19451,P. heveae,PDA,18,3
ICMP 19451,P. heveae,PDA,20,3
ICMP 19451,P. heveae,PDA,21,3
ICMP 19451,P. heveae,PDA,22,4
ICMP 19451,P. heveae,PDA,20,4
ICMP 19451,P. heveae,PDA,21,4
ICMP 19451,P. heveae,PDA,23,4
ICMP 19451,P. heveae,PDA,20,5
ICMP 19451,P. heveae,PDA,20,5
ICMP 19451,P. heveae,PDA,18,5
ICMP 19451,P. heveae,PDA,20,5
ICMP 19452,P. heveae,V8A,36,1
ICMP 19452,P. heveae,V8A,38,1
ICMP 19452,P. heveae,V8A,40,1
ICMP 19452,P. heveae,V8A,36,1
ICMP 19452,P. heveae,V8A,41,2
ICMP 19452,P. heveae,V8A,38,2
ICMP 19452,P. heveae,V8A,30,2
ICMP 19452,P. heveae,V8A,37,2
ICMP 19452,P. heveae,V8A,40,3
ICMP 19452,P. heveae,V8A,40,3
ICMP 19452,P. heveae,V8A,38,3
ICMP 19452,P. heveae,V8A,40,3
ICMP 19452,P. heveae,V8A,36,4
ICMP 19452,P. heveae,V8A,40,4
ICMP 19452,P. heveae,V8A,42,4
ICMP 19452,P. heveae,V8A,38,4
ICMP 19452,P. heveae,V8A,38,5
ICMP 19452,P. heveae,V8A,40,5
ICMP 19452,P. heveae,V8A,40,5
ICMP 19452,P. heveae,V8A,38,5
ICMP 19452,P. heveae,MEA,25,1
ICMP 19452,P. heveae,MEA,25,1
ICMP 19452,P. heveae,MEA,25,1
ICMP 19452,P. heveae,MEA,25,1
ICMP 19452,P. heveae,MEA,25,2
ICMP 19452,P. heveae,MEA,23,2
ICMP 19452,P. heveae,MEA,20,2
ICMP 19452,P. heveae,MEA,23,2
ICMP 19452,P. heveae,MEA,25,3
ICMP 19452,P. heveae,MEA,25,3
ICMP 19452,P. heveae,MEA,27,3
ICMP 19452,P. heveae,MEA,22,3
ICMP 19452,P. heveae,MEA,21,4
ICMP 19452,P. heveae,MEA,20,4
ICMP 19452,P. heveae,MEA,21,4
ICMP 19452,P. heveae,MEA,22,4
ICMP 19452,P. heveae,MEA,20,5
ICMP 19452,P. heveae,MEA,19,5
ICMP 19452,P. heveae,MEA,19,5
ICMP 19452,P. heveae,MEA,20,5
ICMP 19452,P. heveae,CMA,26,1
ICMP 19452,P. heveae,CMA,26,1
ICMP 19452,P. heveae,CMA,33,1
ICMP 19452,P. heveae,CMA,28,1
ICMP 19452,P. heveae,CMA,35,2
ICMP 19452,P. heveae,CMA,35,2
ICMP 19452,P. heveae,CMA,42,2
ICMP 19452,P. heveae,CMA,40,2
ICMP 19452,P. heveae,CMA,40,3
ICMP 19452,P. heveae,CMA,40,3
ICMP 19452,P. heveae,CMA,38,3
ICMP 19452,P. heveae,CMA,35,3
ICMP 19452,P. heveae,CMA,38,4
ICMP 19452,P. heveae,CMA,40,4
ICMP 19452,P. heveae,CMA,40,4
ICMP 19452,P. heveae,CMA,35,4
ICMP 19452,P. heveae,CMA,30,5
ICMP 19452,P. heveae,CMA,32,5
ICMP 19452,P. heveae,CMA,35,5
ICMP 19452,P. heveae,CMA,40,5
ICMP 19452,P. heveae,PDA,32,1
ICMP 19452,P. heveae,PDA,32,1
ICMP 19452,P. heveae,PDA,32,1
ICMP 19452,P. heveae,PDA,37,1
ICMP 19452,P. heveae,PDA,32,2
ICMP 19452,P. heveae,PDA,35,2
ICMP 19452,P. heveae,PDA,31,2
ICMP 19452,P. heveae,PDA,31,2
ICMP 19452,P. heveae,PDA,28,3
ICMP 19452,P. heveae,PDA,28,3
ICMP 19452,P. heveae,PDA,28,3
ICMP 19452,P. heveae,PDA,34,3
ICMP 19452,P. heveae,PDA,28,4
ICMP 19452,P. heveae,PDA,32,4
ICMP 19452,P. heveae,PDA,31,4
ICMP 19452,P. heveae,PDA,31,4
ICMP 19452,P. heveae,PDA,30,5
ICMP 19452,P. heveae,PDA,26,5
ICMP 19452,P. heveae,PDA,28,5
ICMP 19452,P. heveae,PDA,30,5
ICMP 19453,P. heveae,V8A,15,1
ICMP 19453,P. heveae,V8A,17,1
ICMP 19453,P. heveae,V8A,17,1
ICMP 19453,P. heveae,V8A,15,1
ICMP 19453,P. heveae,V8A,17,2
ICMP 19453,P. heveae,V8A,19,2
ICMP 19453,P. heveae,V8A,18,2
ICMP 19453,P. heveae,V8A,16,2
ICMP 19453,P. heveae,V8A,15,3
ICMP 19453,P. heveae,V8A,17,3
ICMP 19453,P. heveae,V8A,15,3
ICMP 19453,P. heveae,V8A,17,3
ICMP 19453,P. heveae,V8A,15,4
ICMP 19453,P. heveae,V8A,17,4
ICMP 19453,P. heveae,V8A,17,4
ICMP 19453,P. heveae,V8A,16,4
ICMP 19453,P. heveae,V8A,11,5
ICMP 19453,P. heveae,V8A,13,5
ICMP 19453,P. heveae,V8A,12,5
ICMP 19453,P. heveae,V8A,14,5
ICMP 19453,P. heveae,MEA,10,1
ICMP 19453,P. heveae,MEA,10,1
ICMP 19453,P. heveae,MEA,9,1
ICMP 19453,P. heveae,MEA,8,1
ICMP 19453,P. heveae,MEA,11,2
ICMP 19453,P. heveae,MEA,12,2
ICMP 19453,P. heveae,MEA,8,2
ICMP 19453,P. heveae,MEA,8,2
ICMP 19453,P. heveae,MEA,11,3
ICMP 19453,P. heveae,MEA,11,3
ICMP 19453,P. heveae,MEA,12,3
ICMP 19453,P. heveae,MEA,10,3
ICMP 19453,P. heveae,MEA,10,4
ICMP 19453,P. heveae,MEA,8,4
ICMP 19453,P. heveae,MEA,10,4
ICMP 19453,P. heveae,MEA,11,4
ICMP 19453,P. heveae,MEA,11,5
ICMP 19453,P. heveae,MEA,9,5
ICMP 19453,P. heveae,MEA,10,5
ICMP 19453,P. heveae,MEA,10,5
ICMP 19453,P. heveae,CMA,14,1
ICMP 19453,P. heveae,CMA,12,1
ICMP 19453,P. heveae,CMA,12,1
ICMP 19453,P. heveae,CMA,17,1
ICMP 19453,P. heveae,CMA,13,2
ICMP 19453,P. heveae,CMA,12,2
ICMP 19453,P. heveae,CMA,12,2
ICMP 19453,P. heveae,CMA,12,2
ICMP 19453,P. heveae,CMA,15,3
ICMP 19453,P. heveae,CMA,16,3
ICMP 19453,P. heveae,CMA,17,3
ICMP 19453,P. heveae,CMA,15,3
ICMP 19453,P. heveae,CMA,22,4
ICMP 19453,P. heveae,CMA,25,4
ICMP 19453,P. heveae,CMA,17,4
ICMP 19453,P. heveae,CMA,20,4
ICMP 19453,P. heveae,CMA,26,5
ICMP 19453,P. heveae,CMA,20,5
ICMP 19453,P. heveae,CMA,23,5
ICMP 19453,P. heveae,CMA,21,5
ICMP 19453,P. heveae,PDA,13,1
ICMP 19453,P. heveae,PDA,15,1
ICMP 19453,P. heveae,PDA,15,1
ICMP 19453,P. heveae,PDA,12,1
ICMP 19453,P. heveae,PDA,10,2
ICMP 19453,P. heveae,PDA,11,2
ICMP 19453,P. heveae,PDA,12,2
ICMP 19453,P. heveae,PDA,9,2
ICMP 19453,P. heveae,PDA,8,3
ICMP 19453,P. heveae,PDA,8,3
ICMP 19453,P. heveae,PDA,8,3
ICMP 19453,P. heveae,PDA,8,3
ICMP 19453,P. heveae,PDA,9,4
ICMP 19453,P. heveae,PDA,8,4
ICMP 19453,P. heveae,PDA,6,4
ICMP 19453,P. heveae,PDA,9,4
ICMP 19453,P. heveae,PDA,9,5
ICMP 19453,P. heveae,PDA,11,5
ICMP 19453,P. heveae,PDA,12,5
ICMP 19453,P. heveae,PDA,10,5
ICMP 16691,P. heveae,V8A,32,1
ICMP 16691,P. heveae,V8A,32,1
ICMP 16691,P. heveae,V8A,41,1
ICMP 16691,P. heveae,V8A,38,1
ICMP 16691,P. heveae,V8A,40,2
ICMP 16691,P. heveae,V8A,38,2
ICMP 16691,P. heveae,V8A,35,2
ICMP 16691,P. heveae,V8A,36,2
ICMP 16691,P. heveae,V8A,41,3
ICMP 16691,P. heveae,V8A,36,3
ICMP 16691,P. heveae,V8A,32,3
ICMP 16691,P. heveae,V8A,32,3
ICMP 16691,P. heveae,V8A,38,4
ICMP 16691,P. heveae,V8A,40,4
ICMP 16691,P. heveae,V8A,40,4
ICMP 16691,P. heveae,V8A,35,4
ICMP 16691,P. heveae,V8A,40,5
ICMP 16691,P. heveae,V8A,40,5
ICMP 16691,P. heveae,V8A,36,5
ICMP 16691,P. heveae,V8A,36,5
ICMP 16691,P. heveae,MEA,33,1
ICMP 16691,P. heveae,MEA,32,1
ICMP 16691,P. heveae,MEA,32,1
ICMP 16691,P. heveae,MEA,31,1
ICMP 16691,P. heveae,MEA,32,2
ICMP 16691,P. heveae,MEA,31,2
ICMP 16691,P. heveae,MEA,34,2
ICMP 16691,P. heveae,MEA,32,2
ICMP 16691,P. heveae,MEA,30,3
ICMP 16691,P. heveae,MEA,32,3
ICMP 16691,P. heveae,MEA,31,3
ICMP 16691,P. heveae,MEA,32,3
ICMP 16691,P. heveae,MEA,30,4
ICMP 16691,P. heveae,MEA,31,4
ICMP 16691,P. heveae,MEA,33,4
ICMP 16691,P. heveae,MEA,33,4
ICMP 16691,P. heveae,MEA,31,5
ICMP 16691,P. heveae,MEA,33,5
ICMP 16691,P. heveae,MEA,32,5
ICMP 16691,P. heveae,MEA,30,5
ICMP 16691,P. heveae,CMA,22,1
ICMP 16691,P. heveae,CMA,25,1
ICMP 16691,P. heveae,CMA,25,1
ICMP 16691,P. heveae,CMA,25,1
ICMP 16691,P. heveae,CMA,27,2
ICMP 16691,P. heveae,CMA,25,2
ICMP 16691,P. heveae,CMA,26,2
ICMP 16691,P. heveae,CMA,27,2
ICMP 16691,P. heveae,CMA,26,3
ICMP 16691,P. heveae,CMA,25,3
ICMP 16691,P. heveae,CMA,25,3
ICMP 16691,P. heveae,CMA,25,3
ICMP 16691,P. heveae,CMA,25,4
ICMP 16691,P. heveae,CMA,25,4
ICMP 16691,P. heveae,CMA,25,4
ICMP 16691,P. heveae,CMA,25,4
ICMP 16691,P. heveae,CMA,25,5
ICMP 16691,P. heveae,CMA,25,5
ICMP 16691,P. heveae,CMA,27,5
ICMP 16691,P. heveae,CMA,26,5
ICMP 16691,P. heveae,PDA,27,1
ICMP 16691,P. heveae,PDA,27,1
ICMP 16691,P. heveae,PDA,27,1
ICMP 16691,P. heveae,PDA,27,1
ICMP 16691,P. heveae,PDA,25,2
ICMP 16691,P. heveae,PDA,27,2
ICMP 16691,P. heveae,PDA,26,2
ICMP 16691,P. heveae,PDA,25,2
ICMP 16691,P. heveae,PDA,27,3
ICMP 16691,P. heveae,PDA,27,3
ICMP 16691,P. heveae,PDA,27,3
ICMP 16691,P. heveae,PDA,27,3
ICMP 16691,P. heveae,PDA,31,4
ICMP 16691,P. heveae,PDA,27,4
ICMP 16691,P. heveae,PDA,30,4
ICMP 16691,P. heveae,PDA,27,4
ICMP 16691,P. heveae,PDA,26,5
ICMP 16691,P. heveae,PDA,26,5
ICMP 16691,P. heveae,PDA,28,5
ICMP 16691,P. heveae,PDA,26,5
ICMP 16948,P. cocois,V8A,35,1
ICMP 16948,P. cocois,V8A,35,1
ICMP 16948,P. cocois,V8A,32,1
ICMP 16948,P. cocois,V8A,35,1
ICMP 16948,P. cocois,V8A,37,2
ICMP 16948,P. cocois,V8A,35,2
ICMP 16948,P. cocois,V8A,35,2
ICMP 16948,P. cocois,V8A,36,2
ICMP 16948,P. cocois,V8A,34,3
ICMP 16948,P. cocois,V8A,35,3
ICMP 16948,P. cocois,V8A,36,3
ICMP 16948,P. cocois,V8A,36,3
ICMP 16948,P. cocois,V8A,34,4
ICMP 16948,P. cocois,V8A,34,4
ICMP 16948,P. cocois,V8A,37,4
ICMP 16948,P. cocois,V8A,39,4
ICMP 16948,P. cocois,V8A,35,5
ICMP 16948,P. cocois,V8A,35,5
ICMP 16948,P. cocois,V8A,35,5
ICMP 16948,P. cocois,V8A,35,5
ICMP 16948,P. cocois,MEA,25,1
ICMP 16948,P. cocois,MEA,25,1
ICMP 16948,P. cocois,MEA,25,1
ICMP 16948,P. cocois,MEA,25,1
ICMP 16948,P. cocois,MEA,24,2
ICMP 16948,P. cocois,MEA,22,2
ICMP 16948,P. cocois,MEA,22,2
ICMP 16948,P. cocois,MEA,22,2
ICMP 16948,P. cocois,MEA,25,3
ICMP 16948,P. cocois,MEA,25,3
ICMP 16948,P. cocois,MEA,25,3
ICMP 16948,P. cocois,MEA,25,3
ICMP 16948,P. cocois,MEA,22,4
ICMP 16948,P. cocois,MEA,22,4
ICMP 16948,P. cocois,MEA,22,4
ICMP 16948,P. cocois,MEA,22,4
ICMP 16948,P. cocois,MEA,25,5
ICMP 16948,P. cocois,MEA,25,5
ICMP 16948,P. cocois,MEA,25,5
ICMP 16948,P. cocois,MEA,25,5
ICMP 16948,P. cocois,CMA,22,1
ICMP 16948,P. cocois,CMA,21,1
ICMP 16948,P. cocois,CMA,21,1
ICMP 16948,P. cocois,CMA,21,1
ICMP 16948,P. cocois,CMA,20,2
ICMP 16948,P. cocois,CMA,32,2
ICMP 16948,P. cocois,CMA,30,2
ICMP 16948,P. cocois,CMA,22,2
ICMP 16948,P. cocois,CMA,27,3
ICMP 16948,P. cocois,CMA,25,3
ICMP 16948,P. cocois,CMA,25,3
ICMP 16948,P. cocois,CMA,25,3
ICMP 16948,P. cocois,CMA,25,4
ICMP 16948,P. cocois,CMA,22,4
ICMP 16948,P. cocois,CMA,25,4
ICMP 16948,P. cocois,CMA,22,4
ICMP 16948,P. cocois,CMA,20,5
ICMP 16948,P. cocois,CMA,22,5
ICMP 16948,P. cocois,CMA,25,5
ICMP 16948,P. cocois,CMA,22,5
ICMP 16948,P. cocois,PDA,25,1
ICMP 16948,P. cocois,PDA,25,1
ICMP 16948,P. cocois,PDA,24,1
ICMP 16948,P. cocois,PDA,25,1
ICMP 16948,P. cocois,PDA,26,2
ICMP 16948,P. cocois,PDA,26,2
ICMP 16948,P. cocois,PDA,25,2
ICMP 16948,P. cocois,PDA,26,2
ICMP 16948,P. cocois,PDA,27,3
ICMP 16948,P. cocois,PDA,27,3
ICMP 16948,P. cocois,PDA,27,3
ICMP 16948,P. cocois,PDA,27,3
ICMP 16948,P. cocois,PDA,27,4
ICMP 16948,P. cocois,PDA,26,4
ICMP 16948,P. cocois,PDA,26,4
ICMP 16948,P. cocois,PDA,27,4
ICMP 16948,P. cocois,PDA,27,5
ICMP 16948,P. cocois,PDA,25,5
ICMP 16948,P. cocois,PDA,27,5
ICMP 16948,P. cocois,PDA,27,5
ICMP 16949,P. cocois,V8A,33,1
ICMP 16949,P. cocois,V8A,32,1
ICMP 16949,P. cocois,V8A,37,1
ICMP 16949,P. cocois,V8A,40,1
ICMP 16949,P. cocois,V8A,36,2
ICMP 16949,P. cocois,V8A,35,2
ICMP 16949,P. cocois,V8A,35,2
ICMP 16949,P. cocois,V8A,36,2
ICMP 16949,P. cocois,V8A,36,3
ICMP 16949,P. cocois,V8A,32,3
ICMP 16949,P. cocois,V8A,35,3
ICMP 16949,P. cocois,V8A,40,3
ICMP 16949,P. cocois,V8A,32,4
ICMP 16949,P. cocois,V8A,34,4
ICMP 16949,P. cocois,V8A,40,4
ICMP 16949,P. cocois,V8A,37,4
ICMP 16949,P. cocois,V8A,36,5
ICMP 16949,P. cocois,V8A,36,5
ICMP 16949,P. cocois,V8A,35,5
ICMP 16949,P. cocois,V8A,35,5
ICMP 16949,P. cocois,MEA,25,1
ICMP 16949,P. cocois,MEA,25,1
ICMP 16949,P. cocois,MEA,24,1
ICMP 16949,P. cocois,MEA,25,1
ICMP 16949,P. cocois,MEA,24,2
ICMP 16949,P. cocois,MEA,24,2
ICMP 16949,P. cocois,MEA,25,2
ICMP 16949,P. cocois,MEA,25,2
ICMP 16949,P. cocois,MEA,23,3
ICMP 16949,P. cocois,MEA,23,3
ICMP 16949,P. cocois,MEA,23,3
ICMP 16949,P. cocois,MEA,23,3
ICMP 16949,P. cocois,MEA,24,4
ICMP 16949,P. cocois,MEA,24,4
ICMP 16949,P. cocois,MEA,24,4
ICMP 16949,P. cocois,MEA,24,4
ICMP 16949,P. cocois,MEA,23,5
ICMP 16949,P. cocois,MEA,24,5
ICMP 16949,P. cocois,MEA,24,5
ICMP 16949,P. cocois,MEA,23,5
ICMP 16949,P. cocois,CMA,21,1
ICMP 16949,P. cocois,CMA,21,1
ICMP 16949,P. cocois,CMA,21,1
ICMP 16949,P. cocois,CMA,20,1
ICMP 16949,P. cocois,CMA,9,2
ICMP 16949,P. cocois,CMA,12,2
ICMP 16949,P. cocois,CMA,14,2
ICMP 16949,P. cocois,CMA,11,2
ICMP 16949,P. cocois,CMA,12,3
ICMP 16949,P. cocois,CMA,12,3
ICMP 16949,P. cocois,CMA,12,3
ICMP 16949,P. cocois,CMA,12,3
ICMP 16949,P. cocois,CMA,25,4
ICMP 16949,P. cocois,CMA,25,4
ICMP 16949,P. cocois,CMA,10,4
ICMP 16949,P. cocois,CMA,17,4
ICMP 16949,P. cocois,CMA,12,5
ICMP 16949,P. cocois,CMA,10,5
ICMP 16949,P. cocois,CMA,16,5
ICMP 16949,P. cocois,CMA,20,5
ICMP 16949,P. cocois,PDA,22,1
ICMP 16949,P. cocois,PDA,22,1
ICMP 16949,P. cocois,PDA,22,1
ICMP 16949,P. cocois,PDA,22,1
ICMP 16949,P. cocois,PDA,23,2
ICMP 16949,P. cocois,PDA,23,2
ICMP 16949,P. cocois,PDA,24,2
ICMP 16949,P. cocois,PDA,24,2
ICMP 16949,P. cocois,PDA,23,3
ICMP 16949,P. cocois,PDA,23,3
ICMP 16949,P. cocois,PDA,24,3
ICMP 16949,P. cocois,PDA,24,3
ICMP 16949,P. cocois,PDA,23,4
ICMP 16949,P. cocois,PDA,25,4
ICMP 16949,P. cocois,PDA,24,4
ICMP 16949,P. cocois,PDA,24,4
ICMP 16949,P. cocois,PDA,23,5
ICMP 16949,P. cocois,PDA,23,5
ICMP 16949,P. cocois,PDA,24,5
ICMP 16949,P. cocois,PDA,24,5
ICMP 17027,P. agathidicida,V8A,32,1
ICMP 17027,P. agathidicida,V8A,34,1
ICMP 17027,P. agathidicida,V8A,36,1
ICMP 17027,P. agathidicida,V8A,30,1
ICMP 17027,P. agathidicida,V8A,35,2
ICMP 17027,P. agathidicida,V8A,32,2
ICMP 17027,P. agathidicida,V8A,34,2
ICMP 17027,P. agathidicida,V8A,35,2
ICMP 17027,P. agathidicida,V8A,34,3
ICMP 17027,P. agathidicida,V8A,33,3
ICMP 17027,P. agathidicida,V8A,37,3
ICMP 17027,P. agathidicida,V8A,37,3
ICMP 17027,P. agathidicida,V8A,36,4
ICMP 17027,P. agathidicida,V8A,32,4
ICMP 17027,P. agathidicida,V8A,35,4
ICMP 17027,P. agathidicida,V8A,37,4
ICMP 17027,P. agathidicida,V8A,35,5
ICMP 17027,P. agathidicida,V8A,36,5
ICMP 17027,P. agathidicida,V8A,32,5
ICMP 17027,P. agathidicida,V8A,35,5
ICMP 17027,P. agathidicida,MEA,32,1
ICMP 17027,P. agathidicida,MEA,34,1
ICMP 17027,P. agathidicida,MEA,36,1
ICMP 17027,P. agathidicida,MEA,30,1
ICMP 17027,P. agathidicida,MEA,45,2
ICMP 17027,P. agathidicida,MEA,32,2
ICMP 17027,P. agathidicida,MEA,34,2
ICMP 17027,P. agathidicida,MEA,35,2
ICMP 17027,P. agathidicida,MEA,33,3
ICMP 17027,P. agathidicida,MEA,34,3
ICMP 17027,P. agathidicida,MEA,37,3
ICMP 17027,P. agathidicida,MEA,37,3
ICMP 17027,P. agathidicida,MEA,36,4
ICMP 17027,P. agathidicida,MEA,32,4
ICMP 17027,P. agathidicida,MEA,35,4
ICMP 17027,P. agathidicida,MEA,37,4
ICMP 17027,P. agathidicida,MEA,35,5
ICMP 17027,P. agathidicida,MEA,36,5
ICMP 17027,P. agathidicida,MEA,32,5
ICMP 17027,P. agathidicida,MEA,35,5
ICMP 17027,P. agathidicida,CMA,33,1
ICMP 17027,P. agathidicida,CMA,33,1
ICMP 17027,P. agathidicida,CMA,34,1
ICMP 17027,P. agathidicida,CMA,34,1
ICMP 17027,P. agathidicida,CMA,18,2
ICMP 17027,P. agathidicida,CMA,19,2
ICMP 17027,P. agathidicida,CMA,20,2
ICMP 17027,P. agathidicida,CMA,20,2
ICMP 17027,P. agathidicida,CMA,18,3
ICMP 17027,P. agathidicida,CMA,17,3
ICMP 17027,P. agathidicida,CMA,18,3
ICMP 17027,P. agathidicida,CMA,19,3
ICMP 17027,P. agathidicida,CMA,18,4
ICMP 17027,P. agathidicida,CMA,15,4
ICMP 17027,P. agathidicida,CMA,15,4
ICMP 17027,P. agathidicida,CMA,15,4
ICMP 17027,P. agathidicida,CMA,19,5
ICMP 17027,P. agathidicida,CMA,18,5
ICMP 17027,P. agathidicida,CMA,18,5
ICMP 17027,P. agathidicida,CMA,20,5
ICMP 17027,P. agathidicida,PDA,25,1
ICMP 17027,P. agathidicida,PDA,25,1
ICMP 17027,P. agathidicida,PDA,25,1
ICMP 17027,P. agathidicida,PDA,25,1
ICMP 17027,P. agathidicida,PDA,28,2
ICMP 17027,P. agathidicida,PDA,26,2
ICMP 17027,P. agathidicida,PDA,26,2
ICMP 17027,P. agathidicida,PDA,26,2
ICMP 17027,P. agathidicida,PDA,25,3
ICMP 17027,P. agathidicida,PDA,27,3
ICMP 17027,P. agathidicida,PDA,26,3
ICMP 17027,P. agathidicida,PDA,26,3
ICMP 17027,P. agathidicida,PDA,25,4
ICMP 17027,P. agathidicida,PDA,25,4
ICMP 17027,P. agathidicida,PDA,27,4
ICMP 17027,P. agathidicida,PDA,27,4
ICMP 17027,P. agathidicida,PDA,27,5
ICMP 17027,P. agathidicida,PDA,27,5
ICMP 17027,P. agathidicida,PDA,27,5
ICMP 17027,P. agathidicida,PDA,27,5
ICMP 18358,P. agathidicida,V8A,31,1
ICMP 18358,P. agathidicida,V8A,28,1
ICMP 18358,P. agathidicida,V8A,28,1
ICMP 18358,P. agathidicida,V8A,28,1
ICMP 18358,P. agathidicida,V8A,30,2
ICMP 18358,P. agathidicida,V8A,28,2
ICMP 18358,P. agathidicida,V8A,28,2
ICMP 18358,P. agathidicida,V8A,28,2
ICMP 18358,P. agathidicida,V8A,26,3
ICMP 18358,P. agathidicida,V8A,27,3
ICMP 18358,P. agathidicida,V8A,28,3
ICMP 18358,P. agathidicida,V8A,28,3
ICMP 18358,P. agathidicida,V8A,28,4
ICMP 18358,P. agathidicida,V8A,30,4
ICMP 18358,P. agathidicida,V8A,30,4
ICMP 18358,P. agathidicida,V8A,30,4
ICMP 18358,P. agathidicida,V8A,30,5
ICMP 18358,P. agathidicida,V8A,27,5
ICMP 18358,P. agathidicida,V8A,28,5
ICMP 18358,P. agathidicida,V8A,28,5
ICMP 18358,P. agathidicida,MEA,25,1
ICMP 18358,P. agathidicida,MEA,28,1
ICMP 18358,P. agathidicida,MEA,29,1
ICMP 18358,P. agathidicida,MEA,29,1
ICMP 18358,P. agathidicida,MEA,31,2
ICMP 18358,P. agathidicida,MEA,28,2
ICMP 18358,P. agathidicida,MEA,29,2
ICMP 18358,P. agathidicida,MEA,30,2
ICMP 18358,P. agathidicida,MEA,29,3
ICMP 18358,P. agathidicida,MEA,30,3
ICMP 18358,P. agathidicida,MEA,20,3
ICMP 18358,P. agathidicida,MEA,28,3
ICMP 18358,P. agathidicida,MEA,27,4
ICMP 18358,P. agathidicida,MEA,27,4
ICMP 18358,P. agathidicida,MEA,27,4
ICMP 18358,P. agathidicida,MEA,27,4
ICMP 18358,P. agathidicida,MEA,25,5
ICMP 18358,P. agathidicida,MEA,25,5
ICMP 18358,P. agathidicida,MEA,33,5
ICMP 18358,P. agathidicida,MEA,26,5
ICMP 18358,P. agathidicida,CMA,20,1
ICMP 18358,P. agathidicida,CMA,23,1
ICMP 18358,P. agathidicida,CMA,23,1
ICMP 18358,P. agathidicida,CMA,23,1
ICMP 18358,P. agathidicida,CMA,21,2
ICMP 18358,P. agathidicida,CMA,22,2
ICMP 18358,P. agathidicida,CMA,23,2
ICMP 18358,P. agathidicida,CMA,24,2
ICMP 18358,P. agathidicida,CMA,22,3
ICMP 18358,P. agathidicida,CMA,22,3
ICMP 18358,P. agathidicida,CMA,23,3
ICMP 18358,P. agathidicida,CMA,24,3
ICMP 18358,P. agathidicida,CMA,22,4
ICMP 18358,P. agathidicida,CMA,22,4
ICMP 18358,P. agathidicida,CMA,20,4
ICMP 18358,P. agathidicida,CMA,20,4
ICMP 18358,P. agathidicida,CMA,20,5
ICMP 18358,P. agathidicida,CMA,20,5
ICMP 18358,P. agathidicida,CMA,23,5
ICMP 18358,P. agathidicida,CMA,23,5
ICMP 18358,P. agathidicida,PDA,25,1
ICMP 18358,P. agathidicida,PDA,25,1
ICMP 18358,P. agathidicida,PDA,26,1
ICMP 18358,P. agathidicida,PDA,27,1
ICMP 18358,P. agathidicida,PDA,26,2
ICMP 18358,P. agathidicida,PDA,26,2
ICMP 18358,P. agathidicida,PDA,26,2
ICMP 18358,P. agathidicida,PDA,26,2
ICMP 18358,P. agathidicida,PDA,21,3
ICMP 18358,P. agathidicida,PDA,22,3
ICMP 18358,P. agathidicida,PDA,22,3
ICMP 18358,P. agathidicida,PDA,22,3
ICMP 18358,P. agathidicida,PDA,20,4
ICMP 18358,P. agathidicida,PDA,21,4
ICMP 18358,P. agathidicida,PDA,22,4
ICMP 18358,P. agathidicida,PDA,22,4
ICMP 18358,P. agathidicida,PDA,20,5
ICMP 18358,P. agathidicida,PDA,20,5
ICMP 18358,P. agathidicida,PDA,20,5
ICMP 18358,P. agathidicida,PDA,20,5
ICMP 18360,P. agathidicida,V8A,36,1
ICMP 18360,P. agathidicida,V8A,35,1
ICMP 18360,P. agathidicida,V8A,32,1
ICMP 18360,P. agathidicida,V8A,32,1
ICMP 18360,P. agathidicida,V8A,35,2
ICMP 18360,P. agathidicida,V8A,35,2
ICMP 18360,P. agathidicida,V8A,35,2
ICMP 18360,P. agathidicida,V8A,35,2
ICMP 18360,P. agathidicida,V8A,36,3
ICMP 18360,P. agathidicida,V8A,36,3
ICMP 18360,P. agathidicida,V8A,35,3
ICMP 18360,P. agathidicida,V8A,33,3
ICMP 18360,P. agathidicida,V8A,38,4
ICMP 18360,P. agathidicida,V8A,38,4
ICMP 18360,P. agathidicida,V8A,37,4
ICMP 18360,P. agathidicida,V8A,37,4
ICMP 18360,P. agathidicida,V8A,35,5
ICMP 18360,P. agathidicida,V8A,32,5
ICMP 18360,P. agathidicida,V8A,38,5
ICMP 18360,P. agathidicida,V8A,38,5
ICMP 18360,P. agathidicida,MEA,35,1
ICMP 18360,P. agathidicida,MEA,35,1
ICMP 18360,P. agathidicida,MEA,35,1
ICMP 18360,P. agathidicida,MEA,35,1
ICMP 18360,P. agathidicida,MEA,33,2
ICMP 18360,P. agathidicida,MEA,33,2
ICMP 18360,P. agathidicida,MEA,35,2
ICMP 18360,P. agathidicida,MEA,35,2
ICMP 18360,P. agathidicida,MEA,33,3
ICMP 18360,P. agathidicida,MEA,35,3
ICMP 18360,P. agathidicida,MEA,35,3
ICMP 18360,P. agathidicida,MEA,35,3
ICMP 18360,P. agathidicida,MEA,33,4
ICMP 18360,P. agathidicida,MEA,34,4
ICMP 18360,P. agathidicida,MEA,34,4
ICMP 18360,P. agathidicida,MEA,35,4
ICMP 18360,P. agathidicida,MEA,33,5
ICMP 18360,P. agathidicida,MEA,33,5
ICMP 18360,P. agathidicida,MEA,33,5
ICMP 18360,P. agathidicida,MEA,34,5
ICMP 18360,P. agathidicida,CMA,20,1
ICMP 18360,P. agathidicida,CMA,20,1
ICMP 18360,P. agathidicida,CMA,18,1
ICMP 18360,P. agathidicida,CMA,18,1
ICMP 18360,P. agathidicida,CMA,22,2
ICMP 18360,P. agathidicida,CMA,18,2
ICMP 18360,P. agathidicida,CMA,18,2
ICMP 18360,P. agathidicida,CMA,18,2
ICMP 18360,P. agathidicida,CMA,20,3
ICMP 18360,P. agathidicida,CMA,20,3
ICMP 18360,P. agathidicida,CMA,22,3
ICMP 18360,P. agathidicida,CMA,22,3
ICMP 18360,P. agathidicida,CMA,20,4
ICMP 18360,P. agathidicida,CMA,22,4
ICMP 18360,P. agathidicida,CMA,22,4
ICMP 18360,P. agathidicida,CMA,22,4
ICMP 18360,P. agathidicida,CMA,15,5
ICMP 18360,P. agathidicida,CMA,17,5
ICMP 18360,P. agathidicida,CMA,17,5
ICMP 18360,P. agathidicida,CMA,17,5
ICMP 18360,P. agathidicida,PDA,30,1
ICMP 18360,P. agathidicida,PDA,30,1
ICMP 18360,P. agathidicida,PDA,27,1
ICMP 18360,P. agathidicida,PDA,27,1
ICMP 18360,P. agathidicida,PDA,26,2
ICMP 18360,P. agathidicida,PDA,26,2
ICMP 18360,P. agathidicida,PDA,26,2
ICMP 18360,P. agathidicida,PDA,28,2
ICMP 18360,P. agathidicida,PDA,28,3
ICMP 18360,P. agathidicida,PDA,28,3
ICMP 18360,P. agathidicida,PDA,28,3
ICMP 18360,P. agathidicida,PDA,25,3
ICMP 18360,P. agathidicida,PDA,27,4
ICMP 18360,P. agathidicida,PDA,27,4
ICMP 18360,P. agathidicida,PDA,27,4
ICMP 18360,P. agathidicida,PDA,28,4
ICMP 18360,P. agathidicida,PDA,30,5
ICMP 18360,P. agathidicida,PDA,30,5
ICMP 18360,P. agathidicida,PDA,26,5
ICMP 18360,P. agathidicida,PDA,27,5
ICMP 18401,P. agathidicida,V8A,35,1
ICMP 18401,P. agathidicida,V8A,35,1
ICMP 18401,P. agathidicida,V8A,35,1
ICMP 18401,P. agathidicida,V8A,35,1
ICMP 18401,P. agathidicida,V8A,35,2
ICMP 18401,P. agathidicida,V8A,34,2
ICMP 18401,P. agathidicida,V8A,32,2
ICMP 18401,P. agathidicida,V8A,32,2
ICMP 18401,P. agathidicida,V8A,32,3
ICMP 18401,P. agathidicida,V8A,32,3
ICMP 18401,P. agathidicida,V8A,32,3
ICMP 18401,P. agathidicida,V8A,32,3
ICMP 18401,P. agathidicida,V8A,34,4
ICMP 18401,P. agathidicida,V8A,32,4
ICMP 18401,P. agathidicida,V8A,32,4
ICMP 18401,P. agathidicida,V8A,35,4
ICMP 18401,P. agathidicida,V8A,34,5
ICMP 18401,P. agathidicida,V8A,34,5
ICMP 18401,P. agathidicida,V8A,31,5
ICMP 18401,P. agathidicida,V8A,31,5
ICMP 18401,P. agathidicida,MEA,27,1
ICMP 18401,P. agathidicida,MEA,27,1
ICMP 18401,P. agathidicida,MEA,27,1
ICMP 18401,P. agathidicida,MEA,27,1
ICMP 18401,P. agathidicida,MEA,26,2
ICMP 18401,P. agathidicida,MEA,27,2
ICMP 18401,P. agathidicida,MEA,27,2
ICMP 18401,P. agathidicida,MEA,28,2
ICMP 18401,P. agathidicida,MEA,26,3
ICMP 18401,P. agathidicida,MEA,28,3
ICMP 18401,P. agathidicida,MEA,28,3
ICMP 18401,P. agathidicida,MEA,28,3
ICMP 18401,P. agathidicida,MEA,26,4
ICMP 18401,P. agathidicida,MEA,26,4
ICMP 18401,P. agathidicida,MEA,27,4
ICMP 18401,P. agathidicida,MEA,29,4
ICMP 18401,P. agathidicida,MEA,26,5
ICMP 18401,P. agathidicida,MEA,27,5
ICMP 18401,P. agathidicida,MEA,28,5
ICMP 18401,P. agathidicida,MEA,28,5
ICMP 18401,P. agathidicida,CMA,17,1
ICMP 18401,P. agathidicida,CMA,19,1
ICMP 18401,P. agathidicida,CMA,20,1
ICMP 18401,P. agathidicida,CMA,20,1
ICMP 18401,P. agathidicida,CMA,19,2
ICMP 18401,P. agathidicida,CMA,19,2
ICMP 18401,P. agathidicida,CMA,17,2
ICMP 18401,P. agathidicida,CMA,16,2
ICMP 18401,P. agathidicida,CMA,15,3
ICMP 18401,P. agathidicida,CMA,17,3
ICMP 18401,P. agathidicida,CMA,20,3
ICMP 18401,P. agathidicida,CMA,20,3
ICMP 18401,P. agathidicida,CMA,19,4
ICMP 18401,P. agathidicida,CMA,20,4
ICMP 18401,P. agathidicida,CMA,17,4
ICMP 18401,P. agathidicida,CMA,17,4
ICMP 18401,P. agathidicida,CMA,17,5
ICMP 18401,P. agathidicida,CMA,17,5
ICMP 18401,P. agathidicida,CMA,20,5
ICMP 18401,P. agathidicida,CMA,22,5
ICMP 18401,P. agathidicida,PDA,23,1
ICMP 18401,P. agathidicida,PDA,23,1
ICMP 18401,P. agathidicida,PDA,24,1
ICMP 18401,P. agathidicida,PDA,25,1
ICMP 18401,P. agathidicida,PDA,21,2
ICMP 18401,P. agathidicida,PDA,22,2
ICMP 18401,P. agathidicida,PDA,22,2
ICMP 18401,P. agathidicida,PDA,22,2
ICMP 18401,P. agathidicida,PDA,23,3
ICMP 18401,P. agathidicida,PDA,21,3
ICMP 18401,P. agathidicida,PDA,25,3
ICMP 18401,P. agathidicida,PDA,22,3
ICMP 18401,P. agathidicida,PDA,24,4
ICMP 18401,P. agathidicida,PDA,21,4
ICMP 18401,P. agathidicida,PDA,22,4
ICMP 18401,P. agathidicida,PDA,24,4
ICMP 18401,P. agathidicida,PDA,23,5
ICMP 18401,P. agathidicida,PDA,23,5
ICMP 18401,P. agathidicida,PDA,24,5
ICMP 18401,P. agathidicida,PDA,25,5
ICMP 18404,P. agathidicida,V8A,35,
ICMP 18404,P. agathidicida,V8A,35,1
ICMP 18404,P. agathidicida,V8A,34,1
ICMP 18404,P. agathidicida,V8A,35,1
ICMP 18404,P. agathidicida,V8A,35,2
ICMP 18404,P. agathidicida,V8A,35,2
ICMP 18404,P. agathidicida,V8A,35,2
ICMP 18404,P. agathidicida,V8A,34,2
ICMP 18404,P. agathidicida,V8A,35,3
ICMP 18404,P. agathidicida,V8A,35,3
ICMP 18404,P. agathidicida,V8A,36,3
ICMP 18404,P. agathidicida,V8A,36,3
ICMP 18404,P. agathidicida,V8A,37,4
ICMP 18404,P. agathidicida,V8A,35,4
ICMP 18404,P. agathidicida,V8A,35,4
ICMP 18404,P. agathidicida,V8A,35,4
ICMP 18404,P. agathidicida,V8A,37,5
ICMP 18404,P. agathidicida,V8A,37,5
ICMP 18404,P. agathidicida,V8A,35,5
ICMP 18404,P. agathidicida,V8A,36,5
ICMP 18404,P. agathidicida,MEA,30,1
ICMP 18404,P. agathidicida,MEA,30,1
ICMP 18404,P. agathidicida,MEA,31,1
ICMP 18404,P. agathidicida,MEA,31,1
ICMP 18404,P. agathidicida,MEA,32,2
ICMP 18404,P. agathidicida,MEA,32,2
ICMP 18404,P. agathidicida,MEA,33,2
ICMP 18404,P. agathidicida,MEA,33,2
ICMP 18404,P. agathidicida,MEA,33,3
ICMP 18404,P. agathidicida,MEA,32,3
ICMP 18404,P. agathidicida,MEA,32,3
ICMP 18404,P. agathidicida,MEA,32,3
ICMP 18404,P. agathidicida,MEA,31,4
ICMP 18404,P. agathidicida,MEA,31,4
ICMP 18404,P. agathidicida,MEA,32,4
ICMP 18404,P. agathidicida,MEA,32,4
ICMP 18404,P. agathidicida,MEA,31,5
ICMP 18404,P. agathidicida,MEA,31,5
ICMP 18404,P. agathidicida,MEA,32,5
ICMP 18404,P. agathidicida,MEA,32,5
ICMP 18404,P. agathidicida,CMA,15,1
ICMP 18404,P. agathidicida,CMA,14,1
ICMP 18404,P. agathidicida,CMA,13,1
ICMP 18404,P. agathidicida,CMA,13,1
ICMP 18404,P. agathidicida,CMA,15,2
ICMP 18404,P. agathidicida,CMA,15,2
ICMP 18404,P. agathidicida,CMA,17,2
ICMP 18404,P. agathidicida,CMA,19,2
ICMP 18404,P. agathidicida,CMA,15,3
ICMP 18404,P. agathidicida,CMA,16,3
ICMP 18404,P. agathidicida,CMA,18,3
ICMP 18404,P. agathidicida,CMA,18,3
ICMP 18404,P. agathidicida,CMA,15,4
ICMP 18404,P. agathidicida,CMA,17,4
ICMP 18404,P. agathidicida,CMA,18,4
ICMP 18404,P. agathidicida,CMA,18,4
ICMP 18404,P. agathidicida,CMA,15,5
ICMP 18404,P. agathidicida,CMA,16,5
ICMP 18404,P. agathidicida,CMA,17,5
ICMP 18404,P. agathidicida,CMA,18,5
ICMP 18404,P. agathidicida,PDA,26,1
ICMP 18404,P. agathidicida,PDA,27,1
ICMP 18404,P. agathidicida,PDA,27,1
ICMP 18404,P. agathidicida,PDA,27,1
ICMP 18404,P. agathidicida,PDA,26,2
ICMP 18404,P. agathidicida,PDA,26,2
ICMP 18404,P. agathidicida,PDA,29,2
ICMP 18404,P. agathidicida,PDA,25,2
ICMP 18404,P. agathidicida,PDA,25,3
ICMP 18404,P. agathidicida,PDA,25,3
ICMP 18404,P. agathidicida,PDA,26,3
ICMP 18404,P. agathidicida,PDA,26,3
ICMP 18404,P. agathidicida,PDA,28,4
ICMP 18404,P. agathidicida,PDA,27,4
ICMP 18404,P. agathidicida,PDA,27,4
ICMP 18404,P. agathidicida,PDA,27,4
ICMP 18404,P. agathidicida,PDA,25,5
ICMP 18404,P. agathidicida,PDA,26,5
ICMP 18404,P. agathidicida,PDA,27,5
ICMP 18404,P. agathidicida,PDA,27,5
ICMP 18406,P. agathidicida,V8A,22,1
ICMP 18406,P. agathidicida,V8A,23,1
ICMP 18406,P. agathidicida,V8A,23,1
ICMP 18406,P. agathidicida,V8A,23,1
ICMP 18406,P. agathidicida,V8A,21,2
ICMP 18406,P. agathidicida,V8A,22,2
ICMP 18406,P. agathidicida,V8A,22,2
ICMP 18406,P. agathidicida,V8A,27,2
ICMP 18406,P. agathidicida,V8A,22,3
ICMP 18406,P. agathidicida,V8A,22,3
ICMP 18406,P. agathidicida,V8A,22,3
ICMP 18406,P. agathidicida,V8A,25,3
ICMP 18406,P. agathidicida,V8A,32,4
ICMP 18406,P. agathidicida,V8A,32,4
ICMP 18406,P. agathidicida,V8A,31,4
ICMP 18406,P. agathidicida,V8A,32,4
ICMP 18406,P. agathidicida,V8A,31,5
ICMP 18406,P. agathidicida,V8A,26,5
ICMP 18406,P. agathidicida,V8A,30,5
ICMP 18406,P. agathidicida,V8A,35,5
ICMP 18406,P. agathidicida,MEA,27,1
ICMP 18406,P. agathidicida,MEA,27,1
ICMP 18406,P. agathidicida,MEA,28,1
ICMP 18406,P. agathidicida,MEA,28,1
ICMP 18406,P. agathidicida,MEA,27,2
ICMP 18406,P. agathidicida,MEA,28,2
ICMP 18406,P. agathidicida,MEA,29,2
ICMP 18406,P. agathidicida,MEA,29,2
ICMP 18406,P. agathidicida,MEA,25,3
ICMP 18406,P. agathidicida,MEA,26,3
ICMP 18406,P. agathidicida,MEA,27,3
ICMP 18406,P. agathidicida,MEA,27,3
ICMP 18406,P. agathidicida,MEA,26,4
ICMP 18406,P. agathidicida,MEA,27,4
ICMP 18406,P. agathidicida,MEA,28,4
ICMP 18406,P. agathidicida,MEA,28,4
ICMP 18406,P. agathidicida,MEA,25,5
ICMP 18406,P. agathidicida,MEA,28,5
ICMP 18406,P. agathidicida,MEA,28,5
ICMP 18406,P. agathidicida,MEA,28,5
ICMP 18406,P. agathidicida,CMA,18,1
ICMP 18406,P. agathidicida,CMA,19,1
ICMP 18406,P. agathidicida,CMA,20,1
ICMP 18406,P. agathidicida,CMA,20,1
ICMP 18406,P. agathidicida,CMA,17,2
ICMP 18406,P. agathidicida,CMA,17,2
ICMP 18406,P. agathidicida,CMA,18,2
ICMP 18406,P. agathidicida,CMA,20,2
ICMP 18406,P. agathidicida,CMA,18,3
ICMP 18406,P. agathidicida,CMA,19,3
ICMP 18406,P. agathidicida,CMA,20,3
ICMP 18406,P. agathidicida,CMA,20,3
ICMP 18406,P. agathidicida,CMA,16,4
ICMP 18406,P. agathidicida,CMA,17,4
ICMP 18406,P. agathidicida,CMA,18,4
ICMP 18406,P. agathidicida,CMA,18,4
ICMP 18406,P. agathidicida,CMA,15,5
ICMP 18406,P. agathidicida,CMA,18,5
ICMP 18406,P. agathidicida,CMA,20,5
ICMP 18406,P. agathidicida,CMA,20,5
ICMP 18406,P. agathidicida,PDA,20,1
ICMP 18406,P. agathidicida,PDA,20,1
ICMP 18406,P. agathidicida,PDA,20,1
ICMP 18406,P. agathidicida,PDA,20,1
ICMP 18406,P. agathidicida,PDA,19,2
ICMP 18406,P. agathidicida,PDA,19,2
ICMP 18406,P. agathidicida,PDA,19,2
ICMP 18406,P. agathidicida,PDA,19,2
ICMP 18406,P. agathidicida,PDA,21,3
ICMP 18406,P. agathidicida,PDA,21,3
ICMP 18406,P. agathidicida,PDA,22,3
ICMP 18406,P. agathidicida,PDA,22,3
ICMP 18406,P. agathidicida,PDA,17,4
ICMP 18406,P. agathidicida,PDA,21,4
ICMP 18406,P. agathidicida,PDA,21,4
ICMP 18406,P. agathidicida,PDA,20,4
ICMP 18406,P. agathidicida,PDA,16,5
ICMP 18406,P. agathidicida,PDA,16,5
ICMP 18406,P. agathidicida,PDA,16,5
ICMP 18406,P. agathidicida,PDA,16,5
ICMP 18407,P. agathidicida,V8A,22,
ICMP 18407,P. agathidicida,V8A,24,1
ICMP 18407,P. agathidicida,V8A,25,1
ICMP 18407,P. agathidicida,V8A,25,1
ICMP 18407,P. agathidicida,V8A,25,2
ICMP 18407,P. agathidicida,V8A,22,2
ICMP 18407,P. agathidicida,V8A,22,2
ICMP 18407,P. agathidicida,V8A,22,2
ICMP 18407,P. agathidicida,V8A,22,3
ICMP 18407,P. agathidicida,V8A,21,3
ICMP 18407,P. agathidicida,V8A,20,3
ICMP 18407,P. agathidicida,V8A,20,3
ICMP 18407,P. agathidicida,V8A,20,4
ICMP 18407,P. agathidicida,V8A,25,4
ICMP 18407,P. agathidicida,V8A,25,4
ICMP 18407,P. agathidicida,V8A,25,4
ICMP 18407,P. agathidicida,V8A,22,5
ICMP 18407,P. agathidicida,V8A,23,5
ICMP 18407,P. agathidicida,V8A,20,5
ICMP 18407,P. agathidicida,V8A,20,5
ICMP 18407,P. agathidicida,MEA,26,1
ICMP 18407,P. agathidicida,MEA,26,1
ICMP 18407,P. agathidicida,MEA,23,1
ICMP 18407,P. agathidicida,MEA,25,1
ICMP 18407,P. agathidicida,MEA,23,2
ICMP 18407,P. agathidicida,MEA,25,2
ICMP 18407,P. agathidicida,MEA,25,2
ICMP 18407,P. agathidicida,MEA,25,2
ICMP 18407,P. agathidicida,MEA,25,3
ICMP 18407,P. agathidicida,MEA,26,3
ICMP 18407,P. agathidicida,MEA,27,3
ICMP 18407,P. agathidicida,MEA,27,3
ICMP 18407,P. agathidicida,MEA,25,4
ICMP 18407,P. agathidicida,MEA,26,4
ICMP 18407,P. agathidicida,MEA,26,4
ICMP 18407,P. agathidicida,MEA,26,4
ICMP 18407,P. agathidicida,MEA,25,5
ICMP 18407,P. agathidicida,MEA,25,5
ICMP 18407,P. agathidicida,MEA,25,5
ICMP 18407,P. agathidicida,MEA,25,5
ICMP 18407,P. agathidicida,CMA,15,1
ICMP 18407,P. agathidicida,CMA,16,1
ICMP 18407,P. agathidicida,CMA,16,1
ICMP 18407,P. agathidicida,CMA,20,1
ICMP 18407,P. agathidicida,CMA,17,2
ICMP 18407,P. agathidicida,CMA,17,2
ICMP 18407,P. agathidicida,CMA,17,2
ICMP 18407,P. agathidicida,CMA,18,2
ICMP 18407,P. agathidicida,CMA,17,3
ICMP 18407,P. agathidicida,CMA,18,3
ICMP 18407,P. agathidicida,CMA,19,3
ICMP 18407,P. agathidicida,CMA,19,3
ICMP 18407,P. agathidicida,CMA,15,4
ICMP 18407,P. agathidicida,CMA,15,4
ICMP 18407,P. agathidicida,CMA,15,4
ICMP 18407,P. agathidicida,CMA,16,4
ICMP 18407,P. agathidicida,CMA,17,5
ICMP 18407,P. agathidicida,CMA,17,5
ICMP 18407,P. agathidicida,CMA,18,5
ICMP 18407,P. agathidicida,CMA,19,5
ICMP 18407,P. agathidicida,PDA,19,1
ICMP 18407,P. agathidicida,PDA,19,1
ICMP 18407,P. agathidicida,PDA,22,1
ICMP 18407,P. agathidicida,PDA,17,1
ICMP 18407,P. agathidicida,PDA,17,2
ICMP 18407,P. agathidicida,PDA,17,2
ICMP 18407,P. agathidicida,PDA,18,2
ICMP 18407,P. agathidicida,PDA,21,2
ICMP 18407,P. agathidicida,PDA,18,3
ICMP 18407,P. agathidicida,PDA,19,3
ICMP 18407,P. agathidicida,PDA,20,3
ICMP 18407,P. agathidicida,PDA,20,3
ICMP 18407,P. agathidicida,PDA,17,4
ICMP 18407,P. agathidicida,PDA,20,4
ICMP 18407,P. agathidicida,PDA,20,4
ICMP 18407,P. agathidicida,PDA,22,4
ICMP 18407,P. agathidicida,PDA,18,5
ICMP 18407,P. agathidicida,PDA,19,5
ICMP 18407,P. agathidicida,PDA,20,5
ICMP 18407,P. agathidicida,PDA,21,5
ICMP 18408,P. agathidicida,V8A,35,1
ICMP 18408,P. agathidicida,V8A,35,1
ICMP 18408,P. agathidicida,V8A,35,1
ICMP 18408,P. agathidicida,V8A,35,1
ICMP 18408,P. agathidicida,V8A,34,2
ICMP 18408,P. agathidicida,V8A,35,2
ICMP 18408,P. agathidicida,V8A,35,2
ICMP 18408,P. agathidicida,V8A,35,2
ICMP 18408,P. agathidicida,V8A,35,3
ICMP 18408,P. agathidicida,V8A,35,3
ICMP 18408,P. agathidicida,V8A,35,3
ICMP 18408,P. agathidicida,V8A,35,3
ICMP 18408,P. agathidicida,V8A,35,4
ICMP 18408,P. agathidicida,V8A,35,4
ICMP 18408,P. agathidicida,V8A,35,4
ICMP 18408,P. agathidicida,V8A,34,4
ICMP 18408,P. agathidicida,V8A,34,5
ICMP 18408,P. agathidicida,V8A,35,5
ICMP 18408,P. agathidicida,V8A,35,5
ICMP 18408,P. agathidicida,V8A,35,5
ICMP 18408,P. agathidicida,MEA,25,1
ICMP 18408,P. agathidicida,MEA,26,1
ICMP 18408,P. agathidicida,MEA,27,1
ICMP 18408,P. agathidicida,MEA,27,1
ICMP 18408,P. agathidicida,MEA,26,2
ICMP 18408,P. agathidicida,MEA,26,2
ICMP 18408,P. agathidicida,MEA,27,2
ICMP 18408,P. agathidicida,MEA,27,2
ICMP 18408,P. agathidicida,MEA,26,3
ICMP 18408,P. agathidicida,MEA,26,3
ICMP 18408,P. agathidicida,MEA,27,3
ICMP 18408,P. agathidicida,MEA,27,3
ICMP 18408,P. agathidicida,MEA,26,4
ICMP 18408,P. agathidicida,MEA,26,4
ICMP 18408,P. agathidicida,MEA,27,4
ICMP 18408,P. agathidicida,MEA,27,4
ICMP 18408,P. agathidicida,MEA,26,5
ICMP 18408,P. agathidicida,MEA,26,5
ICMP 18408,P. agathidicida,MEA,27,5
ICMP 18408,P. agathidicida,MEA,27,5
ICMP 18408,P. agathidicida,CMA,24,1
ICMP 18408,P. agathidicida,CMA,19,1
ICMP 18408,P. agathidicida,CMA,18,1
ICMP 18408,P. agathidicida,CMA,18,1
ICMP 18408,P. agathidicida,CMA,22,2
ICMP 18408,P. agathidicida,CMA,23,2
ICMP 18408,P. agathidicida,CMA,24,2
ICMP 18408,P. agathidicida,CMA,24,2
ICMP 18408,P. agathidicida,CMA,22,3
ICMP 18408,P. agathidicida,CMA,22,3
ICMP 18408,P. agathidicida,CMA,24,3
ICMP 18408,P. agathidicida,CMA,24,3
ICMP 18408,P. agathidicida,CMA,17,4
ICMP 18408,P. agathidicida,CMA,17,4
ICMP 18408,P. agathidicida,CMA,20,4
ICMP 18408,P. agathidicida,CMA,22,4
ICMP 18408,P. agathidicida,CMA,18,5
ICMP 18408,P. agathidicida,CMA,18,5
ICMP 18408,P. agathidicida,CMA,20,5
ICMP 18408,P. agathidicida,CMA,22,5
ICMP 18408,P. agathidicida,PDA,24,1
ICMP 18408,P. agathidicida,PDA,24,1
ICMP 18408,P. agathidicida,PDA,25,1
ICMP 18408,P. agathidicida,PDA,25,1
ICMP 18408,P. agathidicida,PDA,24,2
ICMP 18408,P. agathidicida,PDA,24,2
ICMP 18408,P. agathidicida,PDA,25,2
ICMP 18408,P. agathidicida,PDA,25,2
ICMP 18408,P. agathidicida,PDA,24,3
ICMP 18408,P. agathidicida,PDA,24,3
ICMP 18408,P. agathidicida,PDA,26,3
ICMP 18408,P. agathidicida,PDA,26,3
ICMP 18408,P. agathidicida,PDA,23,4
ICMP 18408,P. agathidicida,PDA,25,4
ICMP 18408,P. agathidicida,PDA,25,4
ICMP 18408,P. agathidicida,PDA,25,4
ICMP 18408,P. agathidicida,PDA,23,5
ICMP 18408,P. agathidicida,PDA,26,5
ICMP 18408,P. agathidicida,PDA,25,5
ICMP 18408,P. agathidicida,PDA,25,5
ICMP 18410,P. agathidicida,V8A,34,1
ICMP 18410,P. agathidicida,V8A,34,1
ICMP 18410,P. agathidicida,V8A,34,1
ICMP 18410,P. agathidicida,V8A,35,1
ICMP 18410,P. agathidicida,V8A,32,2
ICMP 18410,P. agathidicida,V8A,35,2
ICMP 18410,P. agathidicida,V8A,35,2
ICMP 18410,P. agathidicida,V8A,35,2
ICMP 18410,P. agathidicida,V8A,35,3
ICMP 18410,P. agathidicida,V8A,35,3
ICMP 18410,P. agathidicida,V8A,35,3
ICMP 18410,P. agathidicida,V8A,35,3
ICMP 18410,P. agathidicida,V8A,35,4
ICMP 18410,P. agathidicida,V8A,35,4
ICMP 18410,P. agathidicida,V8A,33,4
ICMP 18410,P. agathidicida,V8A,33,4
ICMP 18410,P. agathidicida,V8A,35,5
ICMP 18410,P. agathidicida,V8A,35,5
ICMP 18410,P. agathidicida,V8A,35,5
ICMP 18410,P. agathidicida,V8A,35,5
ICMP 18410,P. agathidicida,MEA,31,1
ICMP 18410,P. agathidicida,MEA,32,1
ICMP 18410,P. agathidicida,MEA,30,1
ICMP 18410,P. agathidicida,MEA,30,1
ICMP 18410,P. agathidicida,MEA,30,2
ICMP 18410,P. agathidicida,MEA,32,2
ICMP 18410,P. agathidicida,MEA,35,2
ICMP 18410,P. agathidicida,MEA,35,2
ICMP 18410,P. agathidicida,MEA,30,3
ICMP 18410,P. agathidicida,MEA,30,3
ICMP 18410,P. agathidicida,MEA,30,3
ICMP 18410,P. agathidicida,MEA,31,3
ICMP 18410,P. agathidicida,MEA,30,4
ICMP 18410,P. agathidicida,MEA,31,4
ICMP 18410,P. agathidicida,MEA,32,4
ICMP 18410,P. agathidicida,MEA,32,4
ICMP 18410,P. agathidicida,MEA,30,5
ICMP 18410,P. agathidicida,MEA,32,5
ICMP 18410,P. agathidicida,MEA,32,5
ICMP 18410,P. agathidicida,MEA,35,5
ICMP 18410,P. agathidicida,CMA,18,1
ICMP 18410,P. agathidicida,CMA,20,1
ICMP 18410,P. agathidicida,CMA,20,1
ICMP 18410,P. agathidicida,CMA,20,1
ICMP 18410,P. agathidicida,CMA,20,2
ICMP 18410,P. agathidicida,CMA,22,2
ICMP 18410,P. agathidicida,CMA,22,2
ICMP 18410,P. agathidicida,CMA,22,2
ICMP 18410,P. agathidicida,CMA,22,3
ICMP 18410,P. agathidicida,CMA,25,3
ICMP 18410,P. agathidicida,CMA,20,3
ICMP 18410,P. agathidicida,CMA,20,3
ICMP 18410,P. agathidicida,CMA,17,4
ICMP 18410,P. agathidicida,CMA,17,4
ICMP 18410,P. agathidicida,CMA,20,4
ICMP 18410,P. agathidicida,CMA,20,4
ICMP 18410,P. agathidicida,CMA,20,5
ICMP 18410,P. agathidicida,CMA,20,5
ICMP 18410,P. agathidicida,CMA,20,5
ICMP 18410,P. agathidicida,CMA,21,5
ICMP 18410,P. agathidicida,PDA,28,1
ICMP 18410,P. agathidicida,PDA,29,1
ICMP 18410,P. agathidicida,PDA,27,1
ICMP 18410,P. agathidicida,PDA,26,1
ICMP 18410,P. agathidicida,PDA,26,2
ICMP 18410,P. agathidicida,PDA,27,2
ICMP 18410,P. agathidicida,PDA,28,2
ICMP 18410,P. agathidicida,PDA,28,2
ICMP 18410,P. agathidicida,PDA,27,3
ICMP 18410,P. agathidicida,PDA,26,3
ICMP 18410,P. agathidicida,PDA,22,3
ICMP 18410,P. agathidicida,PDA,25,3
ICMP 18410,P. agathidicida,PDA,29,4
ICMP 18410,P. agathidicida,PDA,22,4
ICMP 18410,P. agathidicida,PDA,26,4
ICMP 18410,P. agathidicida,PDA,26,4
ICMP 18410,P. agathidicida,PDA,29,5
ICMP 18410,P. agathidicida,PDA,26,5
ICMP 18410,P. agathidicida,PDA,26,5
ICMP 18410,P. agathidicida,PDA,28,5
