isolate,species,oogonium.width,oospore.width
ICMP 16471,P. agathidicida,32.65,29.7
ICMP 16471,P. agathidicida,24.75,22.23
ICMP 16471,P. agathidicida,29.7,27.23
ICMP 16471,P. agathidicida,32.2,27.23
ICMP 16471,P. agathidicida,32.2,24.75
ICMP 16471,P. agathidicida,32.2,27.23
ICMP 16471,P. agathidicida,29.7,24.75
ICMP 16471,P. agathidicida,32.65,29.7
ICMP 16471,P. agathidicida,32.2,24.75
ICMP 16471,P. agathidicida,32.2,27.23
ICMP 16471,P. agathidicida,29.7,27.23
ICMP 16471,P. agathidicida,29.7,24.75
ICMP 16471,P. agathidicida,22.23,19.8
ICMP 16471,P. agathidicida,32.65,29.7
ICMP 16471,P. agathidicida,32.2,27.23
ICMP 16471,P. agathidicida,32.2,24.75
ICMP 16471,P. agathidicida,37.13,29.7
ICMP 16471,P. agathidicida,32.65,29.7
ICMP 16471,P. agathidicida,29.7,27.23
ICMP 16471,P. agathidicida,32.65,29.7
ICMP 18244,P. agathidicida,32.2,29.7
ICMP 18244,P. agathidicida,29.7,27.23
ICMP 18244,P. agathidicida,29.7,27.23
ICMP 18244,P. agathidicida,29.7,27.23
ICMP 18244,P. agathidicida,24.75,22.23
ICMP 18244,P. agathidicida,32.2,29.7
ICMP 18244,P. agathidicida,37.13,29.7
ICMP 18244,P. agathidicida,37.13,29.7
ICMP 18244,P. agathidicida,32.2,29.7
ICMP 18244,P. agathidicida,32.65,29.7
ICMP 18244,P. agathidicida,32.65,32.65
ICMP 18244,P. agathidicida,29.7,24.75
ICMP 18244,P. agathidicida,29.7,27.23
ICMP 18244,P. agathidicida,29.7,24.75
ICMP 18244,P. agathidicida,32.65,29.7
ICMP 18244,P. agathidicida,29.7,24.75
ICMP 18244,P. agathidicida,32.65,29.7
ICMP 18244,P. agathidicida,32.65,32.2
ICMP 18244,P. agathidicida,32.2,29.7
ICMP 18244,P. agathidicida,29.7,24.75
ICMP 17964,P. heveae,24.75,19.8
ICMP 17964,P. heveae,24.75,22.23
ICMP 17964,P. heveae,29.7,24.75
ICMP 17964,P. heveae,24.75,22.23
ICMP 17964,P. heveae,27.23,24.75
ICMP 17964,P. heveae,24.75,19.8
ICMP 17964,P. heveae,27.23,24.75
ICMP 17964,P. heveae,27.23,24.75
ICMP 17964,P. heveae,24.75,19.8
ICMP 17964,P. heveae,27.23,24.75
ICMP 17964,P. heveae,27.23,19.8
ICMP 17964,P. heveae,24.75,22.23
ICMP 17964,P. heveae,27.23,22.23
ICMP 17964,P. heveae,27.23,24.75
ICMP 17964,P. heveae,27.23,19.8
ICMP 17964,P. heveae,29.7,22.23
ICMP 17964,P. heveae,22.23,19.8
ICMP 17964,P. heveae,29.7,24.75
ICMP 17964,P. heveae,29.7,24.75
ICMP 17964,P. heveae,27.23,24.75
ICMP 16914,P. heveae,29.7,24.75
ICMP 16914,P. heveae,27.23,24.75
ICMP 16914,P. heveae,29.7,24.75
ICMP 16914,P. heveae,27.23,22.23
ICMP 16914,P. heveae,27.23,22.23
ICMP 16914,P. heveae,24.75,22.23
ICMP 16914,P. heveae,27.23,24.75
ICMP 16914,P. heveae,29.7,24.75
ICMP 16914,P. heveae,27.23,24.75
ICMP 16914,P. heveae,29.7,24.75
ICMP 16914,P. heveae,29.7,27.23
ICMP 16914,P. heveae,27.23,24.75
ICMP 16914,P. heveae,24.75,24.75
ICMP 16914,P. heveae,27.23,24.75
ICMP 16914,P. heveae,29.7,24.75
ICMP 16914,P. heveae,27.23,22.23
ICMP 16914,P. heveae,32.2,24.75
ICMP 16914,P. heveae,27.23,24.75
ICMP 16914,P. heveae,27.23,24.75
ICMP 16914,P. heveae,27.23,22.23
ICMP 18737,P. castaneae,27.225,19.8
ICMP 18737,P. castaneae,29.7,19.8
ICMP 18737,P. castaneae,32.175,24.75
ICMP 18737,P. castaneae,29.7,24.75
ICMP 18737,P. castaneae,27.225,19.8
ICMP 18737,P. castaneae,29.7,19.8
ICMP 18737,P. castaneae,27.23,22.23
ICMP 18737,P. castaneae,29.7,22.23
ICMP 18737,P. castaneae,32.2,24.75
ICMP 18737,P. castaneae,29.7,22.23
ICMP 18737,P. castaneae,32.65,24.75
ICMP 18737,P. castaneae,29.7,24.75
ICMP 18737,P. castaneae,29.7,22.23
ICMP 18737,P. castaneae,29.7,22.23
ICMP 18737,P. castaneae,29.7,19.8
ICMP 18737,P. castaneae,29.7,24.75
ICMP 18737,P. castaneae,32.2,24.75
ICMP 18737,P. castaneae,29.7,24.75
ICMP 18737,P. castaneae,24.75,19.8
ICMP 18737,P. castaneae,24.75,19.8
ICMP 16915,P. castaneae,24.75,14.85
ICMP 16915,P. castaneae,22.23,14.85
ICMP 16915,P. castaneae,22.23,14.85
ICMP 16915,P. castaneae,24.75,17.33
ICMP 16915,P. castaneae,22.23,14.85
ICMP 16915,P. castaneae,19.8,14.85
ICMP 16915,P. castaneae,22.23,17.33
ICMP 16915,P. castaneae,19.8,17.33
ICMP 16915,P. castaneae,19.8,17.33
ICMP 16915,P. castaneae,22.23,19.8
ICMP 16915,P. castaneae,29.7,24.75
ICMP 16915,P. castaneae,22.23,14.85
ICMP 16915,P. castaneae,22.23,14.85
ICMP 16915,P. castaneae,19.8,14.85
ICMP 16915,P. castaneae,19.8,17.33
ICMP 16915,P. castaneae,22.23,14.85
ICMP 16915,P. castaneae,24.75,19.8
ICMP 16915,P. castaneae,24.75,19.8
ICMP 16915,P. castaneae,22.23,19.8
ICMP 16915,P. castaneae,24.75,19.8
ICMP 19434,P. castaneae,14.85,9.9
ICMP 19434,P. castaneae,19.85,14.85
ICMP 19434,P. castaneae,24.75,19.8
ICMP 19434,P. castaneae,19.8,14.85
ICMP 19434,P. castaneae,19.8,14.85
ICMP 19434,P. castaneae,19.8,14.85
ICMP 19434,P. castaneae,19.8,14.85
ICMP 19434,P. castaneae,19.8,14.85
ICMP 19434,P. castaneae,24.75,19.8
ICMP 19434,P. castaneae,19.8,14.85
ICMP 19434,P. castaneae,19.8,14.85
ICMP 19434,P. castaneae,19.8,12.375
ICMP 19434,P. castaneae,19.8,14.85
ICMP 19434,P. castaneae,19.8,14.85
ICMP 19434,P. castaneae,19.8,12.375
ICMP 19434,P. castaneae,19.8,14.85
ICMP 19434,P. castaneae,19.8,9.9
ICMP 19434,P. castaneae,19.8,12.375
ICMP 19434,P. castaneae,19.8,14.85
ICMP 19434,P. castaneae,19.8,14.85
ICMP 19435,P. castaneae,19.8,14.85
ICMP 19435,P. castaneae,19.8,14.85
ICMP 19435,P. castaneae,22.275,14.85
ICMP 19435,P. castaneae,22.275,14.85
ICMP 19435,P. castaneae,24.75,14.85
ICMP 19435,P. castaneae,19.8,9.9
ICMP 19435,P. castaneae,19.8,14.85
ICMP 19435,P. castaneae,19.8,9.9
ICMP 19435,P. castaneae,22.275,14.85
ICMP 19435,P. castaneae,19.8,14.85
ICMP 19435,P. castaneae,22.275,19.8
ICMP 19435,P. castaneae,19.8,12.375
ICMP 19435,P. castaneae,19.8,14.85
ICMP 19435,P. castaneae,19.8,14.85
ICMP 19435,P. castaneae,19.8,14.85
ICMP 19435,P. castaneae,19.8,14.85
ICMP 19435,P. castaneae,19.8,14.85
ICMP 19435,P. castaneae,19.8,14.85
ICMP 19435,P. castaneae,22.275,19.8
ICMP 19435,P. castaneae,19.8,14.85
ICMP 19436,P. castaneae,27.225,19.8
ICMP 19436,P. castaneae,22.275,17.325
ICMP 19436,P. castaneae,24.75,17.325
ICMP 19436,P. castaneae,24.75,19.8
ICMP 19436,P. castaneae,22.275,17.325
ICMP 19436,P. castaneae,24.75,17.325
ICMP 19436,P. castaneae,22.275,19.8
ICMP 19436,P. castaneae,34.65,24.75
ICMP 19436,P. castaneae,24.75,19.8
ICMP 19436,P. castaneae,24.75,19.8
ICMP 19436,P. castaneae,24.75,19.8
ICMP 19436,P. castaneae,22.275,14.85
ICMP 19436,P. castaneae,24.75,17.325
ICMP 19436,P. castaneae,24.75,17.325
ICMP 19436,P. castaneae,29.7,24.75
ICMP 19436,P. castaneae,24.75,14.85
ICMP 19436,P. castaneae,22.275,14.85
ICMP 19436,P. castaneae,34.65,24.75
ICMP 19436,P. castaneae,34.65,29.7
ICMP 19436,P. castaneae,19.8,12.375
ICMP 19437,P. castaneae,24.75,19.8
ICMP 19437,P. castaneae,24.75,17.325
ICMP 19437,P. castaneae,24.75,17.325
ICMP 19437,P. castaneae,24.75,17.325
ICMP 19437,P. castaneae,24.75,14.85
ICMP 19437,P. castaneae,27.225,19.8
ICMP 19437,P. castaneae,27.225,19.8
ICMP 19437,P. castaneae,24.75,19.8
ICMP 19437,P. castaneae,22.275,17.325
ICMP 19437,P. castaneae,24.75,19.8
ICMP 19437,P. castaneae,22.275,17.325
ICMP 19437,P. castaneae,24.75,17.325
ICMP 19437,P. castaneae,29.7,19.8
ICMP 19437,P. castaneae,22.275,17.325
ICMP 19437,P. castaneae,24.75,17.325
ICMP 19437,P. castaneae,19.8,14.85
ICMP 19437,P. castaneae,27.225,19.8
ICMP 19437,P. castaneae,24.75,19.8
ICMP 19437,P. castaneae,24.75,19.8
ICMP 19437,P. castaneae,27.225,19.8
ICMP 19450,P. castaneae,27.225,19.8
ICMP 19450,P. castaneae,24.75,19.8
ICMP 19450,P. castaneae,24.75,19.8
ICMP 19450,P. castaneae,24.75,17.325
ICMP 19450,P. castaneae,27.225,17.325
ICMP 19450,P. castaneae,29.7,22.275
ICMP 19450,P. castaneae,29.7,22.275
ICMP 19450,P. castaneae,27.225,19.8
ICMP 19450,P. castaneae,24.75,17.325
ICMP 19450,P. castaneae,29.7,19.8
ICMP 19450,P. castaneae,29.7,22.275
ICMP 19450,P. castaneae,29.7,19.8
ICMP 19450,P. castaneae,29.7,22.275
ICMP 19450,P. castaneae,24.75,19.8
ICMP 19450,P. castaneae,24.75,19.8
ICMP 19450,P. castaneae,27.225,19.8
ICMP 19450,P. castaneae,29.7,24.75
ICMP 19450,P. castaneae,24.75,19.8
ICMP 19450,P. castaneae,29.7,19.8
ICMP 19450,P. castaneae,29.7,24.75
ICMP 19451,P. heveae,29.7,19.8
ICMP 19451,P. heveae,29.7,24.75
ICMP 19451,P. heveae,32.175,24.75
ICMP 19451,P. heveae,29.7,22.275
ICMP 19451,P. heveae,29.7,24.75
ICMP 19451,P. heveae,32.175,27.225
ICMP 19451,P. heveae,29.7,24.75
ICMP 19451,P. heveae,29.7,24.75
ICMP 19451,P. heveae,29.7,24.75
ICMP 19451,P. heveae,32.175,27.225
ICMP 19451,P. heveae,29.7,24.75
ICMP 19451,P. heveae,24.75,19.8
ICMP 19451,P. heveae,24.75,19.8
ICMP 19451,P. heveae,32.175,27.225
ICMP 19451,P. heveae,32.175,27.225
ICMP 19451,P. heveae,32.175,27.225
ICMP 19451,P. heveae,29.7,19.8
ICMP 19451,P. heveae,32.175,27.225
ICMP 19451,P. heveae,29.7,22.275
ICMP 19451,P. heveae,32.175,24.75
ICMP 19452,P. heveae,29.7,24.75
ICMP 19452,P. heveae,42.075,29.7
ICMP 19452,P. heveae,24.75,19.8
ICMP 19452,P. heveae,27.23,22.23
ICMP 19452,P. heveae,34.65,32.175
ICMP 19452,P. heveae,29.7,19.8
ICMP 19452,P. heveae,24.75,19.8
ICMP 19452,P. heveae,44.5,34.65
ICMP 19452,P. heveae,29.7,24.75
ICMP 19452,P. heveae,39.6,29.7
ICMP 19452,P. heveae,29.7,19.8
ICMP 19452,P. heveae,29.7,24.75
ICMP 19452,P. heveae,34.65,27.23
ICMP 19452,P. heveae,27.23,19.8
ICMP 19452,P. heveae,32.175,24.75
ICMP 19452,P. heveae,27.23,19.8
ICMP 19452,P. heveae,24.75,19.8
ICMP 19452,P. heveae,29.7,22.23
ICMP 19452,P. heveae,29.7,22.23
ICMP 19452,P. heveae,24.75,19.8
ICMP 19453,P. heveae,19.8,17.325
ICMP 19453,P. heveae,22.275,19.8
ICMP 19453,P. heveae,24.75,22.275
ICMP 19453,P. heveae,24.75,19.8
ICMP 19453,P. heveae,19.8,17.325
ICMP 19453,P. heveae,22.275,19.8
ICMP 19453,P. heveae,29.7,24.75
ICMP 19453,P. heveae,29.7,22.275
ICMP 19453,P. heveae,27.225,22.275
ICMP 19453,P. heveae,24.75,19.8
ICMP 19453,P. heveae,27.225,22.275
ICMP 19453,P. heveae,29.7,24.75
ICMP 19453,P. heveae,24.75,19.8
ICMP 19453,P. heveae,24.75,19.8
ICMP 19453,P. heveae,24.75,17.325
ICMP 19453,P. heveae,24.75,19.8
ICMP 19453,P. heveae,24.75,19.8
ICMP 19453,P. heveae,27.225,19.8
ICMP 19453,P. heveae,24.75,19.8
ICMP 19453,P. heveae,24.75,19.8
ICMP 16691,P. heveae,27.225,24.75
ICMP 16691,P. heveae,24.75,22.275
ICMP 16691,P. heveae,29.7,24.75
ICMP 16691,P. heveae,27.225,22.275
ICMP 16691,P. heveae,30.875,27.225
ICMP 16691,P. heveae,29.7,24.75
ICMP 16691,P. heveae,27.225,24.75
ICMP 16691,P. heveae,22.275,22.275
ICMP 16691,P. heveae,27.225,22.275
ICMP 16691,P. heveae,29.7,24.75
ICMP 16691,P. heveae,29.7,24.75
ICMP 16691,P. heveae,24.75,22.275
ICMP 16691,P. heveae,27.225,24.75
ICMP 16691,P. heveae,27.225,22.275
ICMP 16691,P. heveae,27.225,22.275
ICMP 16691,P. heveae,29.7,24.75
ICMP 16691,P. heveae,27.225,24.75
ICMP 16691,P. heveae,27.225,22.275
ICMP 16691,P. heveae,29.7,27.225
ICMP 16691,P. heveae,27.225,22.275
ICMP 16948,P. cocois,22.275,19.8
ICMP 16948,P. cocois,27.225,24.75
ICMP 16948,P. cocois,24.75,24.75
ICMP 16948,P. cocois,24.75,24.75
ICMP 16948,P. cocois,24.75,24.75
ICMP 16948,P. cocois,24.75,22.275
ICMP 16948,P. cocois,24.75,22.275
ICMP 16948,P. cocois,22.275,21.03
ICMP 16948,P. cocois,22.275,21.03
ICMP 16948,P. cocois,29.7,24.75
ICMP 16948,P. cocois,24.75,22.275
ICMP 16948,P. cocois,27.225,24.75
ICMP 16948,P. cocois,22.275,22.275
ICMP 16948,P. cocois,27.225,24.75
ICMP 16948,P. cocois,24.75,22.275
ICMP 16948,P. cocois,24.75,22.275
ICMP 16948,P. cocois,24.75,24.75
ICMP 16948,P. cocois,24.75,22.275
ICMP 16948,P. cocois,24.75,22.275
ICMP 16948,P. cocois,24.75,22.275
ICMP 16949,P. cocois,27.225,24.75
ICMP 16949,P. cocois,29.7,27.225
ICMP 16949,P. cocois,24.75,22.275
ICMP 16949,P. cocois,24.75,22.275
ICMP 16949,P. cocois,24.75,22.275
ICMP 16949,P. cocois,29.7,29.7
ICMP 16949,P. cocois,24.75,22.275
ICMP 16949,P. cocois,27.225,24.75
ICMP 16949,P. cocois,34.65,24.75
ICMP 16949,P. cocois,27.225,24.75
ICMP 16949,P. cocois,29.7,27.225
ICMP 16949,P. cocois,24.75,22.275
ICMP 16949,P. cocois,34.65,27.225
ICMP 16949,P. cocois,24.75,22.275
ICMP 16949,P. cocois,24.75,22.275
ICMP 16949,P. cocois,29.7,24.75
ICMP 16949,P. cocois,22.275,19.8
ICMP 16949,P. cocois,30.875,27.75
ICMP 16949,P. cocois,29.7,24.75
ICMP 16949,P. cocois,24.75,22.275
ICMP 17027,P. agathidicida,29.7,24.75
ICMP 17027,P. agathidicida,29.7,24.75
ICMP 17027,P. agathidicida,29.7,24.75
ICMP 17027,P. agathidicida,29.7,24.75
ICMP 17027,P. agathidicida,34.65,29.7
ICMP 17027,P. agathidicida,29.7,24.75
ICMP 17027,P. agathidicida,34.65,29.7
ICMP 17027,P. agathidicida,29.7,24.75
ICMP 17027,P. agathidicida,29.7,22.275
ICMP 17027,P. agathidicida,34.65,29.7
ICMP 17027,P. agathidicida,34.65,29.7
ICMP 17027,P. agathidicida,29.7,24.75
ICMP 17027,P. agathidicida,34.65,24.75
ICMP 17027,P. agathidicida,30.875,27.225
ICMP 17027,P. agathidicida,27.225,24.75
ICMP 17027,P. agathidicida,30.875,27.225
ICMP 17027,P. agathidicida,34.65,29.7
ICMP 17027,P. agathidicida,29.7,27.225
ICMP 17027,P. agathidicida,30.875,27.225
ICMP 17027,P. agathidicida,34.65,29.7
ICMP 18358,P. agathidicida,34.65,30.875
ICMP 18358,P. agathidicida,34.65,29.7
ICMP 18358,P. agathidicida,34.65,29.7
ICMP 18358,P. agathidicida,30.875,27.225
ICMP 18358,P. agathidicida,30.875,27.225
ICMP 18358,P. agathidicida,30.875,27.225
ICMP 18358,P. agathidicida,30.875,29.7
ICMP 18358,P. agathidicida,44.55,34.65
ICMP 18358,P. agathidicida,24.75,24.75
ICMP 18358,P. agathidicida,34.65,29.7
ICMP 18358,P. agathidicida,29.7,27.225
ICMP 18358,P. agathidicida,38,34.65
ICMP 18358,P. agathidicida,44.55,34.65
ICMP 18358,P. agathidicida,38,34.65
ICMP 18358,P. agathidicida,34.65,29.7
ICMP 18358,P. agathidicida,34.65,29.7
ICMP 18358,P. agathidicida,34.65,29.7
ICMP 18358,P. agathidicida,34.65,29.7
ICMP 18358,P. agathidicida,34.65,29.7
ICMP 18358,P. agathidicida,38,34.65
ICMP 18360,P. agathidicida,29.7,24.75
ICMP 18360,P. agathidicida,29.7,24.75
ICMP 18360,P. agathidicida,32.65,29.7
ICMP 18360,P. agathidicida,32.65,29.7
ICMP 18360,P. agathidicida,32.2,27.23
ICMP 18360,P. agathidicida,32.65,29.7
ICMP 18360,P. agathidicida,32.65,29.7
ICMP 18360,P. agathidicida,32.2,27.23
ICMP 18360,P. agathidicida,27.23,24.75
ICMP 18360,P. agathidicida,32.65,29.7
ICMP 18360,P. agathidicida,37.13,29.7
ICMP 18360,P. agathidicida,29.7,24.75
ICMP 18360,P. agathidicida,32.2,27.23
ICMP 18360,P. agathidicida,29.7,24.75
ICMP 18360,P. agathidicida,32.2,24.75
ICMP 18360,P. agathidicida,29.7,24.75
ICMP 18360,P. agathidicida,29.7,24.75
ICMP 18360,P. agathidicida,37.13,29.7
ICMP 18360,P. agathidicida,29.7,24.75
ICMP 18360,P. agathidicida,29.7,24.75
ICMP 18401,P. agathidicida,32.65,32.2
ICMP 18401,P. agathidicida,32.2,27.23
ICMP 18401,P. agathidicida,32.65,32.2
ICMP 18401,P. agathidicida,32.65,32.2
ICMP 18401,P. agathidicida,32.2,29.7
ICMP 18401,P. agathidicida,32.65,29.7
ICMP 18401,P. agathidicida,30.9,27.23
ICMP 18401,P. agathidicida,33.41,29.7
ICMP 18401,P. agathidicida,29.7,24.75
ICMP 18401,P. agathidicida,29.7,27.23
ICMP 18401,P. agathidicida,27.23,24.75
ICMP 18401,P. agathidicida,27.23,24.75
ICMP 18401,P. agathidicida,32.2,27.23
ICMP 18401,P. agathidicida,29.7,27.23
ICMP 18401,P. agathidicida,32.65,29.7
ICMP 18401,P. agathidicida,29.7,27.23
ICMP 18401,P. agathidicida,32.2,27.23
ICMP 18401,P. agathidicida,29.7,27.23
ICMP 18401,P. agathidicida,32.2,29.7
ICMP 18401,P. agathidicida,24.75,22.275
ICMP 18404,P. agathidicida,29.7,27.23
ICMP 18404,P. agathidicida,29.7,27.23
ICMP 18404,P. agathidicida,27.23,24.75
ICMP 18404,P. agathidicida,29.7,27.23
ICMP 18404,P. agathidicida,29.7,27.23
ICMP 18404,P. agathidicida,29.7,27.23
ICMP 18404,P. agathidicida,29.7,27.23
ICMP 18404,P. agathidicida,32.65,29.7
ICMP 18404,P. agathidicida,32.65,29.7
ICMP 18404,P. agathidicida,29.7,27.23
ICMP 18404,P. agathidicida,29.7,27.23
ICMP 18404,P. agathidicida,29.7,27.23
ICMP 18404,P. agathidicida,32.65,29.7
ICMP 18404,P. agathidicida,32.65,29.7
ICMP 18404,P. agathidicida,32.2,29.7
ICMP 18404,P. agathidicida,32.2,29.7
ICMP 18404,P. agathidicida,32.65,32.2
ICMP 18404,P. agathidicida,29.7,32.2
ICMP 18404,P. agathidicida,29.7,24.75
ICMP 18404,P. agathidicida,32.65,29.7
ICMP 18406,P. agathidicida,29.7,27.23
ICMP 18406,P. agathidicida,32.2,27.23
ICMP 18406,P. agathidicida,32.2,24.75
ICMP 18406,P. agathidicida,29.7,24.75
ICMP 18406,P. agathidicida,29.7,27.23
ICMP 18406,P. agathidicida,29.7,27.23
ICMP 18406,P. agathidicida,29.7,27.23
ICMP 18406,P. agathidicida,29.7,24.75
ICMP 18406,P. agathidicida,29.7,24.75
ICMP 18406,P. agathidicida,29.7,27.23
ICMP 18406,P. agathidicida,24.75,22.275
ICMP 18406,P. agathidicida,29.7,27.23
ICMP 18406,P. agathidicida,29.7,27.23
ICMP 18406,P. agathidicida,32.2,27.23
ICMP 18406,P. agathidicida,32.65,29.7
ICMP 18406,P. agathidicida,32.65,29.7
ICMP 18406,P. agathidicida,32.65,29.7
ICMP 18406,P. agathidicida,37.13,32.2
ICMP 18406,P. agathidicida,29.7,24.75
ICMP 18406,P. agathidicida,32.2,27.23
ICMP 18407,P. agathidicida,32.65,29.7
ICMP 18407,P. agathidicida,32.65,29.7
ICMP 18407,P. agathidicida,37.13,29.7
ICMP 18407,P. agathidicida,32.65,27.23
ICMP 18407,P. agathidicida,32.65,29.7
ICMP 18407,P. agathidicida,29.7,24.75
ICMP 18407,P. agathidicida,32.65,29.7
ICMP 18407,P. agathidicida,29.7,22.275
ICMP 18407,P. agathidicida,37.13,32.2
ICMP 18407,P. agathidicida,32.2,27.23
ICMP 18407,P. agathidicida,29.7,24.75
ICMP 18407,P. agathidicida,32.2,24.75
ICMP 18407,P. agathidicida,32.65,27.23
ICMP 18407,P. agathidicida,29.7,24.75
ICMP 18407,P. agathidicida,29.7,24.75
ICMP 18407,P. agathidicida,32.65,27.23
ICMP 18407,P. agathidicida,32.2,27.23
ICMP 18407,P. agathidicida,29.7,24.75
ICMP 18407,P. agathidicida,32.2,27.23
ICMP 18407,P. agathidicida,32.2,24.75
ICMP 18408,P. agathidicida,32.2,24.75
ICMP 18408,P. agathidicida,29.7,24.75
ICMP 18408,P. agathidicida,29.7,27.23
ICMP 18408,P. agathidicida,32.2,24.75
ICMP 18408,P. agathidicida,32.65,29.7
ICMP 18408,P. agathidicida,29.7,24.75
ICMP 18408,P. agathidicida,32.2,24.75
ICMP 18408,P. agathidicida,32.2,24.75
ICMP 18408,P. agathidicida,32.2,27.23
ICMP 18408,P. agathidicida,32.65,24.75
ICMP 18408,P. agathidicida,29.7,24.75
ICMP 18408,P. agathidicida,27.23,22.275
ICMP 18408,P. agathidicida,27.23,22.275
ICMP 18408,P. agathidicida,29.7,24.75
ICMP 18408,P. agathidicida,24.75,19.8
ICMP 18408,P. agathidicida,37.13,29.7
ICMP 18408,P. agathidicida,32.2,24.75
ICMP 18408,P. agathidicida,32.65,27.23
ICMP 18408,P. agathidicida,32.65,27.23
ICMP 18408,P. agathidicida,29.7,24.75
ICMP 18410,P. agathidicida,32.65,24.75
ICMP 18410,P. agathidicida,32.65,29.7
ICMP 18410,P. agathidicida,37.13,29.7
ICMP 18410,P. agathidicida,32.2,27.23
ICMP 18410,P. agathidicida,32.2,27.23
ICMP 18410,P. agathidicida,37.13,29.7
ICMP 18410,P. agathidicida,32.65,29.7
ICMP 18410,P. agathidicida,29.7,24.75
ICMP 18410,P. agathidicida,32.65,29.7
ICMP 18410,P. agathidicida,29.7,24.75
ICMP 18410,P. agathidicida,29.7,24.75
ICMP 18410,P. agathidicida,32.2,27.23
ICMP 18410,P. agathidicida,29.7,24.75
ICMP 18410,P. agathidicida,32.2,27.23
ICMP 18410,P. agathidicida,32.65,29.7
ICMP 18410,P. agathidicida,32.2,24.75
ICMP 18410,P. agathidicida,32.2,27.23
ICMP 18410,P. agathidicida,27.23,22.275
ICMP 18410,P. agathidicida,32.2,24.75
ICMP 18410,P. agathidicida,32.65,29.7
ICMP 16471,P. agathidicida,35,30
ICMP 16471,P. agathidicida,26.25,22.5
ICMP 16471,P. agathidicida,31.25,27.5
ICMP 16471,P. agathidicida,32.4,27.5
ICMP 16471,P. agathidicida,30,25
ICMP 16471,P. agathidicida,30,25
ICMP 16471,P. agathidicida,31.25,26.25
ICMP 16471,P. agathidicida,32.5,27.5
ICMP 16471,P. agathidicida,32.5,27.5
ICMP 16471,P. agathidicida,32.5,28.75
ICMP 16471,P. agathidicida,30,27.5
ICMP 16471,P. agathidicida,31.25,27.5
ICMP 16471,P. agathidicida,22.5,20
ICMP 16471,P. agathidicida,35,30
ICMP 16471,P. agathidicida,30,25
ICMP 16471,P. agathidicida,32.5,27.5
ICMP 16471,P. agathidicida,36.3,31.25
ICMP 16471,P. agathidicida,35,28.75
ICMP 16471,P. agathidicida,30,27.5
ICMP 16471,P. agathidicida,32.5,30
ICMP 18244,P. agathidicida,32.5,30
ICMP 18244,P. agathidicida,32.5,28.75
ICMP 18244,P. agathidicida,30,27.5
ICMP 18244,P. agathidicida,31.25,28.75
ICMP 18244,P. agathidicida,35,32.5
ICMP 18244,P. agathidicida,25,22.5
ICMP 18244,P. agathidicida,32.5,27.5
ICMP 18244,P. agathidicida,35,30
ICMP 18244,P. agathidicida,32.5,30
ICMP 18244,P. agathidicida,35,30
ICMP 18244,P. agathidicida,31.25,31.25
ICMP 18244,P. agathidicida,30,25
ICMP 18244,P. agathidicida,27.5,26.25
ICMP 18244,P. agathidicida,30,27.5
ICMP 18244,P. agathidicida,35,32.5
ICMP 18244,P. agathidicida,31.25,27.5
ICMP 18244,P. agathidicida,33.8,30
ICMP 18244,P. agathidicida,33.8,30
ICMP 18244,P. agathidicida,32.5,30
ICMP 18244,P. agathidicida,27.5,25
ICMP 17964,P. heveae,25,21.25
ICMP 17964,P. heveae,23.75,21.25
ICMP 17964,P. heveae,32.5,28.75
ICMP 17964,P. heveae,25,21.25
ICMP 17964,P. heveae,27.5,25
ICMP 17964,P. heveae,27.5,22.5
ICMP 17964,P. heveae,27.5,23.75
ICMP 17964,P. heveae,28.75,23.75
ICMP 17964,P. heveae,27.5,21.25
ICMP 17964,P. heveae,28.75,23.75
ICMP 17964,P. heveae,27.5,22.5
ICMP 17964,P. heveae,25,20
ICMP 17964,P. heveae,27.5,25
ICMP 17964,P. heveae,30,22.5
ICMP 17964,P. heveae,30,25
ICMP 17964,P. heveae,27.5,23.75
ICMP 17964,P. heveae,25,21.25
ICMP 17964,P. heveae,28.75,23.75
ICMP 17964,P. heveae,27.5,25
ICMP 17964,P. heveae,27.5,25
ICMP 16914,P. heveae,27.5,23.75
ICMP 16914,P. heveae,30,25
ICMP 16914,P. heveae,30,27.5
ICMP 16914,P. heveae,27.5,22.5
ICMP 16914,P. heveae,27.5,25
ICMP 16914,P. heveae,23.75,22.5
ICMP 16914,P. heveae,27.5,25
ICMP 16914,P. heveae,27.5,25
ICMP 16914,P. heveae,27.5,23.75
ICMP 16914,P. heveae,27.5,25
ICMP 16914,P. heveae,30,27.5
ICMP 16914,P. heveae,30,25
ICMP 16914,P. heveae,30,27.5
ICMP 16914,P. heveae,26.25,22.5
ICMP 16914,P. heveae,30,25
ICMP 16914,P. heveae,27.5,22.5
ICMP 16914,P. heveae,32.5,27.5
ICMP 16914,P. heveae,27.5,22.5
ICMP 16914,P. heveae,27.5,25
ICMP 16914,P. heveae,27.5,22.5
ICMP 18737,P. castaneae,27.5,22.5
ICMP 18737,P. castaneae,27.5,22.5
ICMP 18737,P. castaneae,27.5,25
ICMP 18737,P. castaneae,28.75,25
ICMP 18737,P. castaneae,27.5,22.5
ICMP 18737,P. castaneae,30,22.5
ICMP 18737,P. castaneae,27.5,25
ICMP 18737,P. castaneae,28.75,25
ICMP 18737,P. castaneae,28.75,23.75
ICMP 18737,P. castaneae,27.5,22.5
ICMP 18737,P. castaneae,32.5,25
ICMP 18737,P. castaneae,30,25
ICMP 18737,P. castaneae,31.25,25
ICMP 18737,P. castaneae,30,25
ICMP 18737,P. castaneae,30,22.5
ICMP 18737,P. castaneae,30,25
ICMP 18737,P. castaneae,31.25,25
ICMP 18737,P. castaneae,31.25,25
ICMP 18737,P. castaneae,27.5,21.25
ICMP 18737,P. castaneae,25,20
ICMP 16915,P. castaneae,22.5,17.5
ICMP 16915,P. castaneae,22.5,17.5
ICMP 16915,P. castaneae,22.5,15
ICMP 16915,P. castaneae,22.5,15
ICMP 16915,P. castaneae,22.5,15
ICMP 16915,P. castaneae,22.5,17.5
ICMP 16915,P. castaneae,25,20
ICMP 16915,P. castaneae,22.5,20
ICMP 16915,P. castaneae,21.25,20
ICMP 16915,P. castaneae,25,20
ICMP 16915,P. castaneae,27.5,22.5
ICMP 16915,P. castaneae,22.5,20
ICMP 16915,P. castaneae,21.25,17.5
ICMP 16915,P. castaneae,20,17.5
ICMP 16915,P. castaneae,17.5,15
ICMP 16915,P. castaneae,25,22.5
ICMP 16915,P. castaneae,22.5,17.5
ICMP 16915,P. castaneae,25,20
ICMP 16915,P. castaneae,22.5,17.5
ICMP 16915,P. castaneae,22.5,20
ICMP 19434,P. castaneae,17.5,10
ICMP 19434,P. castaneae,17.5,15
ICMP 19434,P. castaneae,17.5,15
ICMP 19434,P. castaneae,17.5,13.75
ICMP 19434,P. castaneae,17.5,12.5
ICMP 19434,P. castaneae,17.5,15
ICMP 19434,P. castaneae,18.75,12.5
ICMP 19434,P. castaneae,20,15
ICMP 19434,P. castaneae,25,20
ICMP 19434,P. castaneae,17.5,15
ICMP 19434,P. castaneae,20,15
ICMP 19434,P. castaneae,20,15
ICMP 19434,P. castaneae,17.5,12.5
ICMP 19434,P. castaneae,17.5,15
ICMP 19434,P. castaneae,17.5,12.5
ICMP 19434,P. castaneae,17.5,15
ICMP 19434,P. castaneae,17.5,12.5
ICMP 19434,P. castaneae,17.5,12.5
ICMP 19434,P. castaneae,17.5,12.5
ICMP 19434,P. castaneae,17.5,13.75
ICMP 19435,P. castaneae,22.5,15
ICMP 19435,P. castaneae,21.25,12.5
ICMP 19435,P. castaneae,20,12.5
ICMP 19435,P. castaneae,20,15
ICMP 19435,P. castaneae,20,12.5
ICMP 19435,P. castaneae,20,12.5
ICMP 19435,P. castaneae,17.5,15
ICMP 19435,P. castaneae,20,10
ICMP 19435,P. castaneae,22.5,13.75
ICMP 19435,P. castaneae,22.5,12.5
ICMP 19435,P. castaneae,20,17.5
ICMP 19435,P. castaneae,21.25,15
ICMP 19435,P. castaneae,20,15
ICMP 19435,P. castaneae,20,15
ICMP 19435,P. castaneae,20,15
ICMP 19435,P. castaneae,20,12.5
ICMP 19435,P. castaneae,20,15
ICMP 19435,P. castaneae,17.5,12.5
ICMP 19435,P. castaneae,20,15
ICMP 19435,P. castaneae,20,15
ICMP 19436,P. castaneae,27.5,21.25
ICMP 19436,P. castaneae,22.5,20
ICMP 19436,P. castaneae,25,20
ICMP 19436,P. castaneae,25,20
ICMP 19436,P. castaneae,22.5,20
ICMP 19436,P. castaneae,23.75,17.5
ICMP 19436,P. castaneae,25,17.5
ICMP 19436,P. castaneae,32.5,25
ICMP 19436,P. castaneae,22.5,18.75
ICMP 19436,P. castaneae,25,20
ICMP 19436,P. castaneae,27.5,22.5
ICMP 19436,P. castaneae,22.5,17.5
ICMP 19436,P. castaneae,25,20
ICMP 19436,P. castaneae,25,17.5
ICMP 19436,P. castaneae,30,25
ICMP 19436,P. castaneae,25,15
ICMP 19436,P. castaneae,22.5,17.5
ICMP 19436,P. castaneae,35,25
ICMP 19436,P. castaneae,32.5,25
ICMP 19436,P. castaneae,17.5,12.5
ICMP 19437,P. castaneae,25,17.5
ICMP 19437,P. castaneae,25,20
ICMP 19437,P. castaneae,23.75,17.5
ICMP 19437,P. castaneae,25,20
ICMP 19437,P. castaneae,22.5,17.5
ICMP 19437,P. castaneae,26.25,20
ICMP 19437,P. castaneae,25,21.25
ICMP 19437,P. castaneae,25,20
ICMP 19437,P. castaneae,22.5,17.5
ICMP 19437,P. castaneae,26.25,20
ICMP 19437,P. castaneae,23.75,17.5
ICMP 19437,P. castaneae,23.75,17.5
ICMP 19437,P. castaneae,28.75,20
ICMP 19437,P. castaneae,22.5,17.5
ICMP 19437,P. castaneae,25,20
ICMP 19437,P. castaneae,22.5,17.5
ICMP 19437,P. castaneae,26.25,18.75
ICMP 19437,P. castaneae,26.25,21.25
ICMP 19437,P. castaneae,25,20
ICMP 19437,P. castaneae,27.5,22.5
ICMP 19450,P. castaneae,27.5,21.25
ICMP 19450,P. castaneae,25,20
ICMP 19450,P. castaneae,27.5,22.5
ICMP 19450,P. castaneae,25,20
ICMP 19450,P. castaneae,27.5,20
ICMP 19450,P. castaneae,30,22.5
ICMP 19450,P. castaneae,27.5,20
ICMP 19450,P. castaneae,27.5,22.5
ICMP 19450,P. castaneae,25,20
ICMP 19450,P. castaneae,30,20
ICMP 19450,P. castaneae,26.25,20
ICMP 19450,P. castaneae,30,20
ICMP 19450,P. castaneae,30,20
ICMP 19450,P. castaneae,25,20
ICMP 19450,P. castaneae,25,20
ICMP 19450,P. castaneae,27.5,21.25
ICMP 19450,P. castaneae,22.5,20
ICMP 19450,P. castaneae,25,20
ICMP 19450,P. castaneae,30,21.25
ICMP 19450,P. castaneae,27.5,22.5
ICMP 19451,P. heveae,30,20
ICMP 19451,P. heveae,30,25
ICMP 19451,P. heveae,27.5,25
ICMP 19451,P. heveae,30,22.5
ICMP 19451,P. heveae,30,25
ICMP 19451,P. heveae,32.5,27.5
ICMP 19451,P. heveae,25,20
ICMP 19451,P. heveae,25,20
ICMP 19451,P. heveae,25,20
ICMP 19451,P. heveae,32.5,27.5
ICMP 19451,P. heveae,30,25
ICMP 19451,P. heveae,25,20
ICMP 19451,P. heveae,25,20
ICMP 19451,P. heveae,32.5,27.5
ICMP 19451,P. heveae,32.5,27.5
ICMP 19451,P. heveae,32.5,27.5
ICMP 19451,P. heveae,30,25
ICMP 19451,P. heveae,32.5,27.5
ICMP 19451,P. heveae,30,22.5
ICMP 19451,P. heveae,32.5,25
ICMP 19452,P. heveae,30,25
ICMP 19452,P. heveae,42.5,32.5
ICMP 19452,P. heveae,27.5,20
ICMP 19452,P. heveae,27.5,21.25
ICMP 19452,P. heveae,35,32.5
ICMP 19452,P. heveae,27.5,21.25
ICMP 19452,P. heveae,28.75,20
ICMP 19452,P. heveae,45,35
ICMP 19452,P. heveae,30,25
ICMP 19452,P. heveae,40,30
ICMP 19452,P. heveae,25,20
ICMP 19452,P. heveae,30,20
ICMP 19452,P. heveae,35,30
ICMP 19452,P. heveae,27.5,20
ICMP 19452,P. heveae,32.5,25
ICMP 19452,P. heveae,27.5,23.75
ICMP 19452,P. heveae,25,20
ICMP 19452,P. heveae,25,20
ICMP 19452,P. heveae,27.5,20
ICMP 19452,P. heveae,25,20
ICMP 19453,P. heveae,20,17.5
ICMP 19453,P. heveae,23.75,22.5
ICMP 19453,P. heveae,25,22.5
ICMP 19453,P. heveae,22.5,21.25
ICMP 19453,P. heveae,20,17.5
ICMP 19453,P. heveae,21.25,20
ICMP 19453,P. heveae,30,25
ICMP 19453,P. heveae,30,22.5
ICMP 19453,P. heveae,27.5,21.25
ICMP 19453,P. heveae,27.5,21.25
ICMP 19453,P. heveae,27.5,21.25
ICMP 19453,P. heveae,30,25
ICMP 19453,P. heveae,30,20
ICMP 19453,P. heveae,25,20
ICMP 19453,P. heveae,25,18.75
ICMP 19453,P. heveae,25,20
ICMP 19453,P. heveae,25,20
ICMP 19453,P. heveae,27.5,21.25
ICMP 19453,P. heveae,25,20
ICMP 19453,P. heveae,25,20
ICMP 16691,P. heveae,30,25
ICMP 16691,P. heveae,27.5,22.5
ICMP 16691,P. heveae,27.5,23.75
ICMP 16691,P. heveae,28.75,25
ICMP 16691,P. heveae,33.75,27.5
ICMP 16691,P. heveae,30,26.25
ICMP 16691,P. heveae,27.5,23.75
ICMP 16691,P. heveae,22.5,17.5
ICMP 16691,P. heveae,27.5,22.5
ICMP 16691,P. heveae,30,25
ICMP 16691,P. heveae,30,26.25
ICMP 16691,P. heveae,25,22.5
ICMP 16691,P. heveae,27.5,23.75
ICMP 16691,P. heveae,27.5,22.5
ICMP 16691,P. heveae,27.5,22.5
ICMP 16691,P. heveae,31.25,25
ICMP 16691,P. heveae,27.5,26.25
ICMP 16691,P. heveae,27.5,25
ICMP 16691,P. heveae,30,26.25
ICMP 16691,P. heveae,26.25,22.5
ICMP 16948,P. cocois,22.5,21.25
ICMP 16948,P. cocois,31.25,28.75
ICMP 16948,P. cocois,26.25,25
ICMP 16948,P. cocois,22.5,22.5
ICMP 16948,P. cocois,25,23.75
ICMP 16948,P. cocois,25,22.5
ICMP 16948,P. cocois,23.75,22.5
ICMP 16948,P. cocois,25,28.75
ICMP 16948,P. cocois,25,28.75
ICMP 16948,P. cocois,27.5,25
ICMP 16948,P. cocois,25,28.75
ICMP 16948,P. cocois,25,22.5
ICMP 16948,P. cocois,22.5,22.5
ICMP 16948,P. cocois,23.75,22.5
ICMP 16948,P. cocois,25,28.75
ICMP 16948,P. cocois,26.25,25
ICMP 16948,P. cocois,23.75,28.75
ICMP 16948,P. cocois,26.25,25
ICMP 16948,P. cocois,25,28.75
ICMP 16948,P. cocois,25,22.5
ICMP 16949,P. cocois,27.5,26.25
ICMP 16949,P. cocois,25,23.75
ICMP 16949,P. cocois,25,23.75
ICMP 16949,P. cocois,23.75,22.5
ICMP 16949,P. cocois,25,22.5
ICMP 16949,P. cocois,26.25,26.25
ICMP 16949,P. cocois,27.5,25
ICMP 16949,P. cocois,27.5,25
ICMP 16949,P. cocois,35,25
ICMP 16949,P. cocois,26.25,25
ICMP 16949,P. cocois,30,22.5
ICMP 16949,P. cocois,25,23.75
ICMP 16949,P. cocois,35,27.5
ICMP 16949,P. cocois,25,23.75
ICMP 16949,P. cocois,23.75,22.5
ICMP 16949,P. cocois,32.5,27.5
ICMP 16949,P. cocois,22.5,21.25
ICMP 16949,P. cocois,30,25
ICMP 16949,P. cocois,27.5,25
ICMP 16949,P. cocois,23.75,22.5
ICMP 17027,P. agathidicida,32.5,30
ICMP 17027,P. agathidicida,30,27.5
ICMP 17027,P. agathidicida,30,27.5
ICMP 17027,P. agathidicida,32.5,30
ICMP 17027,P. agathidicida,33.75,30
ICMP 17027,P. agathidicida,30,27.5
ICMP 17027,P. agathidicida,33.75,30
ICMP 17027,P. agathidicida,32.5,28.75
ICMP 17027,P. agathidicida,27.5,23.75
ICMP 17027,P. agathidicida,35,31.25
ICMP 17027,P. agathidicida,35,30
ICMP 17027,P. agathidicida,32.5,28.75
ICMP 17027,P. agathidicida,32.5,30
ICMP 17027,P. agathidicida,30,27.5
ICMP 17027,P. agathidicida,30,27.5
ICMP 17027,P. agathidicida,33.75,30
ICMP 17027,P. agathidicida,32.5,30
ICMP 17027,P. agathidicida,30,27.5
ICMP 17027,P. agathidicida,32.5,27.5
ICMP 17027,P. agathidicida,32.5,28.75
ICMP 18358,P. agathidicida,32.5,30
ICMP 18358,P. agathidicida,32.5,30
ICMP 18358,P. agathidicida,35,32.5
ICMP 18358,P. agathidicida,32.5,30
ICMP 18358,P. agathidicida,31.25,28.75
ICMP 18358,P. agathidicida,32.5,28.75
ICMP 18358,P. agathidicida,32.5,30
ICMP 18358,P. agathidicida,45,35
ICMP 18358,P. agathidicida,25,23.75
ICMP 18358,P. agathidicida,35,31.25
ICMP 18358,P. agathidicida,30,27.5
ICMP 18358,P. agathidicida,40,35
ICMP 18358,P. agathidicida,45,35
ICMP 18358,P. agathidicida,40,35
ICMP 18358,P. agathidicida,33.75,28.75
ICMP 18358,P. agathidicida,35,28.75
ICMP 18358,P. agathidicida,35,30
ICMP 18358,P. agathidicida,35,30
ICMP 18358,P. agathidicida,33.75,30
ICMP 18358,P. agathidicida,40,33.75
ICMP 18360,P. agathidicida,32.5,30
ICMP 18360,P. agathidicida,32.5,27.5
ICMP 18360,P. agathidicida,35,30
ICMP 18360,P. agathidicida,35,28.75
ICMP 18360,P. agathidicida,32.5,27.5
ICMP 18360,P. agathidicida,35,30
ICMP 18360,P. agathidicida,33.75,30
ICMP 18360,P. agathidicida,32.5,30
ICMP 18360,P. agathidicida,28.75,25
ICMP 18360,P. agathidicida,35,30
ICMP 18360,P. agathidicida,37.5,30
ICMP 18360,P. agathidicida,31.25,25
ICMP 18360,P. agathidicida,33.75,27.5
ICMP 18360,P. agathidicida,31.25,27.5
ICMP 18360,P. agathidicida,32.5,27.5
ICMP 18360,P. agathidicida,32.5,27.5
ICMP 18360,P. agathidicida,30,25
ICMP 18360,P. agathidicida,37.5,30
ICMP 18360,P. agathidicida,30,26.25
ICMP 18360,P. agathidicida,30,25
ICMP 18401,P. agathidicida,35,30
ICMP 18401,P. agathidicida,32.5,30
ICMP 18401,P. agathidicida,35,32.5
ICMP 18401,P. agathidicida,35,32.5
ICMP 18401,P. agathidicida,32.5,31.25
ICMP 18401,P. agathidicida,35,30
ICMP 18401,P. agathidicida,31.25,27.5
ICMP 18401,P. agathidicida,33.75,30
ICMP 18401,P. agathidicida,28.75,25
ICMP 18401,P. agathidicida,30,27.5
ICMP 18401,P. agathidicida,27.5,25
ICMP 18401,P. agathidicida,27.5,25
ICMP 18401,P. agathidicida,35,28.75
ICMP 18401,P. agathidicida,31.25,28.75
ICMP 18401,P. agathidicida,35,30
ICMP 18401,P. agathidicida,32.5,31.25
ICMP 18401,P. agathidicida,31.25,28.75
ICMP 18401,P. agathidicida,32.5,27.5
ICMP 18401,P. agathidicida,33.75,28.75
ICMP 18401,P. agathidicida,28.75,23.75
ICMP 18404,P. agathidicida,30,27.5
ICMP 18404,P. agathidicida,30,27.5
ICMP 18404,P. agathidicida,27.5,25
ICMP 18404,P. agathidicida,30,27.5
ICMP 18404,P. agathidicida,30,27.5
ICMP 18404,P. agathidicida,30,27.5
ICMP 18404,P. agathidicida,30,27.5
ICMP 18404,P. agathidicida,32.5,28.75
ICMP 18404,P. agathidicida,35,30
ICMP 18404,P. agathidicida,30,27.5
ICMP 18404,P. agathidicida,31.25,27.5
ICMP 18404,P. agathidicida,30,28.75
ICMP 18404,P. agathidicida,35,30
ICMP 18404,P. agathidicida,32.5,28.75
ICMP 18404,P. agathidicida,32.5,30
ICMP 18404,P. agathidicida,30,27.5
ICMP 18404,P. agathidicida,35,32.5
ICMP 18404,P. agathidicida,31.25,27.5
ICMP 18404,P. agathidicida,27.5,25
ICMP 18404,P. agathidicida,35,30
ICMP 18406,P. agathidicida,30,28.75
ICMP 18406,P. agathidicida,30,27.5
ICMP 18406,P. agathidicida,30,26.25
ICMP 18406,P. agathidicida,30,25
ICMP 18406,P. agathidicida,32.5,27.5
ICMP 18406,P. agathidicida,30,27.5
ICMP 18406,P. agathidicida,30,27.5
ICMP 18406,P. agathidicida,30,25
ICMP 18406,P. agathidicida,27.5,25
ICMP 18406,P. agathidicida,27.5,26.25
ICMP 18406,P. agathidicida,26.25,25
ICMP 18406,P. agathidicida,30,27.5
ICMP 18406,P. agathidicida,30,26.25
ICMP 18406,P. agathidicida,32.5,30
ICMP 18406,P. agathidicida,36.25,32.5
ICMP 18406,P. agathidicida,32.5,30
ICMP 18406,P. agathidicida,32.5,30
ICMP 18406,P. agathidicida,32.5,28.75
ICMP 18406,P. agathidicida,30,26.25
ICMP 18406,P. agathidicida,30,26.25
ICMP 18407,P. agathidicida,35,30
ICMP 18407,P. agathidicida,35,28.75
ICMP 18407,P. agathidicida,37.5,32.5
ICMP 18407,P. agathidicida,37.5,30
ICMP 18407,P. agathidicida,35,28.75
ICMP 18407,P. agathidicida,27.5,22.5
ICMP 18407,P. agathidicida,35,30
ICMP 18407,P. agathidicida,30,25
ICMP 18407,P. agathidicida,36.25,27.5
ICMP 18407,P. agathidicida,35,30
ICMP 18407,P. agathidicida,28.75,25
ICMP 18407,P. agathidicida,30,25
ICMP 18407,P. agathidicida,35,27.5
ICMP 18407,P. agathidicida,30,25
ICMP 18407,P. agathidicida,30,25
ICMP 18407,P. agathidicida,35,27.5
ICMP 18407,P. agathidicida,32.5,27.5
ICMP 18407,P. agathidicida,31.25,27.5
ICMP 18407,P. agathidicida,31.25,25
ICMP 18407,P. agathidicida,30,22.5
ICMP 18408,P. agathidicida,32.5,22.5
ICMP 18408,P. agathidicida,31.25,27.5
ICMP 18408,P. agathidicida,30,25
ICMP 18408,P. agathidicida,30,25
ICMP 18408,P. agathidicida,35,30
ICMP 18408,P. agathidicida,30,27.5
ICMP 18408,P. agathidicida,33.75,30
ICMP 18408,P. agathidicida,31.25,25
ICMP 18408,P. agathidicida,32.5,25
ICMP 18408,P. agathidicida,35,25
ICMP 18408,P. agathidicida,30,22.5
ICMP 18408,P. agathidicida,25,22.5
ICMP 18408,P. agathidicida,30,25
ICMP 18408,P. agathidicida,30,25
ICMP 18408,P. agathidicida,25,20
ICMP 18408,P. agathidicida,35,27.5
ICMP 18408,P. agathidicida,33.75,30
ICMP 18408,P. agathidicida,35,30
ICMP 18408,P. agathidicida,35,27.5
ICMP 18408,P. agathidicida,27.5,22.5
ICMP 18410,P. agathidicida,30,26.25
ICMP 18410,P. agathidicida,35,27.5
ICMP 18410,P. agathidicida,36.25,30
ICMP 18410,P. agathidicida,32.5,27.5
ICMP 18410,P. agathidicida,37.5,32.5
ICMP 18410,P. agathidicida,33.75,28.75
ICMP 18410,P. agathidicida,35,30
ICMP 18410,P. agathidicida,31.25,27.5
ICMP 18410,P. agathidicida,35,30
ICMP 18410,P. agathidicida,30,25
ICMP 18410,P. agathidicida,30,25
ICMP 18410,P. agathidicida,32.5,27.5
ICMP 18410,P. agathidicida,30,25
ICMP 18410,P. agathidicida,30,26.25
ICMP 18410,P. agathidicida,35,30
ICMP 18410,P. agathidicida,32.5,27.5
ICMP 18410,P. agathidicida,32.5,27.5
ICMP 18410,P. agathidicida,27.5,23.75
ICMP 18410,P. agathidicida,32.5,26.25
ICMP 18410,P. agathidicida,32.5,27.5
